autor_id;autor;naixement;defunció;gènere;ciutat;dialecte;wiki_id;viaf;obra;any;traducció;font;poema;núm. de vers;text del vers;escansió;1;2;3;4;5;6;7;8;9;10;síl·labes mètriques;síl·labes extramètriques;subdivisió;llicències;mots;l_mots;mots al còlon 1;mots al còlon 2;patró;patró_rítmic;encavalcament;metronome
Antoni Vallmanya;Vallmanya, Antoni;1429;1490;;Barcelona;central;;;Poesies;;False;;1.txt;1; Anciós tot de l’amagat engan,;AN.ci.ós#TOT#de#L'A.ma.GAT#en.GAN;2;0;1;5;0;2;0;4;0;5;10;0;4+6;;5;[3, 1, 1, 3, 2];2;3.0;1001 010101;2015 020405;;Sww.S.w.SwS.wS|
Antoni Vallmanya;Vallmanya, Antoni;1429;1490;;Barcelona;central;;;Poesies;;False;;1.txt;2;ficte, causat contra la pensa mia;FIC.te#cau.SAT#con.TRA#la#PEN.sa#MI.a;4;0;0;5;0;2;0;4;0;5;10;1;4+6;;6;[2, 2, 2, 1, 2, 2];2;4.0;1001 010101;4005 020405;;Sw.wS.wS.w.Sw.Sw|
Antoni Vallmanya;Vallmanya, Antoni;1429;1490;;Barcelona;central;;;Poesies;;False;;1.txt;3; covench a mi congoxar de mon dan;co.VENCH#a#MI#con.go.XAR#de#mon#DAN;0;4;0;5;0;0;4;0;0;5;10;0;4+6;;7;[2, 1, 1, 3, 1, 1, 1];3;4.0;0101 001001;0405 004005;;wS.w.S.wwS.w.w.S|
Antoni Vallmanya;Vallmanya, Antoni;1429;1490;;Barcelona;central;;;Poesies;;False;;1.txt;4; e més avant no fos son amador.;e#MÉS#a.VANT#no#FOS#son#A.ma.DOR;0;3;0;5;0;3;0;2;0;5;10;0;4+6;;7;[1, 1, 2, 1, 1, 1, 3];3;4.0;0101 010101;0305 030205;;w.S.wS.w.S.w.SwS|
Antoni Vallmanya;Vallmanya, Antoni;1429;1490;;Barcelona;central;;;Poesies;;False;;1.txt;5; que dolor gran occupa mon entendre,;QUE#do.lor#GRAN#oc.CU.pa#MON#en.TEN.dre;2;0;1;5;0;4;0;2;0;5;10;1;4+6;;6;[1, 2, 1, 3, 1, 3];3;3.0;1001 010101;2015 040205;;S.ww.S.wSw.S.wSw|
Antoni Vallmanya;Vallmanya, Antoni;1429;1490;;Barcelona;central;;;Poesies;;False;;1.txt;6; en aquell punt, quant me viu luny e fora;EN#a.quell#PUNT#quant#ME#viu#LUNY#e#FO.ra;2;0;1;5;0;2;1;4;0;5;10;1;4+6;;9;[1, 2, 1, 1, 1, 1, 1, 1, 2];3;6.0;1001 010101;2015 021405;;S.ww.S.w.S.w.S.w.Sw|
Antoni Vallmanya;Vallmanya, Antoni;1429;1490;;Barcelona;central;;;Poesies;;False;;1.txt;7; Arbitrant jo mon cor enamorat;AR.bi.trant#JO#mon#COR#en.A.mo.RAT;2;0;1;5;0;4;0;2;0;5;10;0;4+6;;5;[3, 1, 1, 1, 4];2;3.0;1001 010101;2015 040205;;Sww.S.w.S.wSwS|
Antoni Vallmanya;Vallmanya, Antoni;1429;1490;;Barcelona;central;;;Poesies;;False;;1.txt;8; e no volgués vanament axí creure;e#NO#vol.GUÉS#va.na.MENT#a.xí#CREU.re;0;3;0;5;0;0;4;0;1;5;10;1;4+6;;6;[1, 1, 2, 3, 2, 2];3;3.0;0101 001001;0305 004015;;w.S.wS.wwS.ww.Sw|
Antoni Vallmanya;Vallmanya, Antoni;1429;1490;;Barcelona;central;;;Poesies;;False;;1.txt;9; Callat mon dir, son parlar sobrevench;ca.LLAT#mon#DIR#son#par.LAR#so.bre.VENC;0;4;0;5;0;0;4;0;0;5;10;0;4+6;;6;[2, 1, 1, 1, 2, 3];3;3.0;0101 001001;0405 004005;;wS.w.S.w.wS.wwS|
Antoni Vallmanya;Vallmanya, Antoni;1429;1490;;Barcelona;central;;;Poesies;;False;;1.txt;10; e pus novell que may acostumave,;e#PUS#no.VELL#que#MAY#a.COS.tu.MA.ve;0;4;0;5;0;4;0;2;0;5;10;1;4+6;;6;[1, 1, 2, 1, 1, 5];3;3.0;0101 010101;0405 040205;;w.S.wS.w.S.wSwSw|
Antoni Vallmanya;Vallmanya, Antoni;1429;1490;;Barcelona;central;;;Poesies;;False;;1.txt;11; alt donant veus e contra mi surrave;ALT#do.nant#VEUS#e#CON.tra#MI#sur.RA.ve;4;0;1;5;0;3;0;2;0;5;10;1;4+6;;7;[1, 2, 1, 1, 2, 1, 3];3;4.0;1001 010101;4015 030205;;S.ww.S.w.Sw.S.wSw|
Antoni Vallmanya;Vallmanya, Antoni;1429;1490;;Barcelona;central;;;Poesies;;False;;1.txt;12; Aprés me dix, ab paraula no clusa :;a.PRÉS#me#DIX#ab#pa.RAU.la#no#CLU.sa;0;4;0;5;0;0;4;0;1;5;10;1;4+6;;7;[2, 1, 1, 1, 3, 1, 2];3;4.0;0101 001001;0405 004015;;wS.w.S.w.wSw.w.Sw|
Antoni Vallmanya;Vallmanya, Antoni;1429;1490;;Barcelona;central;;;Poesies;;False;;1.txt;13; Lo qual me plau, e no fall qui tal usa,;LO#qual#me#PLAU#e#no#FALL#qui#tal#U.sa;2;0;0;5;0;1;4;0;1;5;10;1;4+6;;10;[1, 1, 1, 1, 1, 1, 1, 1, 1, 2];4;6.0;1001 001001;2005 014015;;S.w.w.S.w.w.S.w.w.Sw|
Antoni Vallmanya;Vallmanya, Antoni;1429;1490;;Barcelona;central;;;Poesies;;False;;1.txt;14; Si dolor greu cascun amant lengueix;SI#do.lor#GREU#cas.CUN#a.MANT#len.GUEIX;2;0;1;5;0;2;0;4;0;5;10;0;4+6;;6;[1, 2, 1, 2, 2, 2];3;3.0;1001 010101;2015 020405;;S.ww.S.wS.wS.wS|
Antoni Vallmanya;Vallmanya, Antoni;1429;1490;;Barcelona;central;;;Poesies;;False;;1.txt;15;" poch anar sab, que·l sehy perdre no degua;";POCH#a.nar#SAB#que'l#sehy#PER.dre#no#DE.gua;4;0;1;5;0;1;4;0;1;5;10;1;4+6;['sinèresi'];8;[1, 2, 1, 1, 1, 2, 1, 2];3;5.0;1001 001001;4015 014015;;S.ww.S.w.w.Sw.w.Sw|
Antoni Vallmanya;Vallmanya, Antoni;1429;1490;;Barcelona;central;;;Poesies;;False;;1.txt;16; vivint segur, sa culpa no ho mereix.;vi.VINT#se.GUR#sa#CUL.pa#NO‿HO#me.REIX;0;4;0;5;0;4;0;3;0;5;10;0;4+6;;7;[2, 2, 1, 2, 1, 1, 2];2;4.0;0101 010101;0405 040305;;wS.wS.w.Sw.S.wS|
Antoni Vallmanya;Vallmanya, Antoni;1429;1490;;Barcelona;central;;;Poesies;;False;;1.txt;17; revocat tot de mon prepòsit vist,;RE.vo.cat#TOT#de#MON#pre.PÒ.sit#VIST;2;0;1;5;0;2;0;4;0;5;10;0;4+6;;6;[3, 1, 1, 1, 3, 1];2;4.0;1001 010101;2015 020405;;Sww.S.w.S.wSw.S|
Antoni Vallmanya;Vallmanya, Antoni;1429;1490;;Barcelona;central;;;Poesies;;False;;1.txt;18; de seny fallit, correguí mes que vira,;de#SENY#fa.LLIT#cor.re.GUÍ#mes#que#VI.ra;0;4;0;5;0;0;4;0;0;5;10;1;4+6;;7;[1, 1, 2, 3, 1, 1, 2];3;4.0;0101 001001;0405 004005;;w.S.wS.wwS.w.w.Sw|
Antoni Vallmanya;Vallmanya, Antoni;1429;1490;;Barcelona;central;;;Poesies;;False;;1.txt;19; tot furiós, defora, perdut, trist.;tot#FU.ri.ÓS#de.FO.ra#per.dut#TRIST;0;2;0;5;0;4;0;0;1;5;10;0;4+6;;5;[1, 3, 3, 2, 1];2;3.0;0101 010001;0205 040015;;w.SwS.wSw.ww.S|
Antoni Vallmanya;Vallmanya, Antoni;1429;1490;;Barcelona;central;;;Poesies;;False;;1.txt;20; Estrany ja fet lo meu seny conegut,;es.TRANY#ja#FET#lo#meu#SENY#co.ne.GUT;0;4;0;5;0;0;4;0;0;5;10;0;4+6;;7;[2, 1, 1, 1, 1, 1, 3];3;4.0;0101 001001;0405 004005;;wS.w.S.w.w.S.wwS|
Antoni Vallmanya;Vallmanya, Antoni;1429;1490;;Barcelona;central;;;Poesies;;False;;1.txt;21; regint-me sol pel estint de natura,;re.GINT#me#SOL#pel#es.TINT#de#na.TU.ra;0;4;0;5;0;0;4;0;0;5;10;1;4+6;;7;[2, 1, 1, 1, 2, 1, 3];3;4.0;0101 001001;0405 004005;;wS.w.S.w.wS.w.wSw|
Antoni Vallmanya;Vallmanya, Antoni;1429;1490;;Barcelona;central;;;Poesies;;False;;1.txt;22; hon ma dolor devenir me feu mut;HON#ma#do.LOR#de.ve.NIR#me#feu#MUT;4;1;0;5;0;0;4;0;1;5;10;0;4+6;;7;[1, 1, 2, 3, 1, 1, 1];3;4.0;1001 001001;4105 004015;;S.w.wS.wwS.w.w.S|
Antoni Vallmanya;Vallmanya, Antoni;1429;1490;;Barcelona;central;;;Poesies;;False;;1.txt;23; e perlaments hoý dins e murmur.;e#PER.la.MENTS#ho.Í#dins#E#mur.MUR;0;2;0;5;0;4;0;2;0;5;10;0;4+6;;6;[1, 3, 2, 1, 1, 2];2;4.0;0101 010101;0205 040205;;w.SwS.wS.w.S.wS|
Antoni Vallmanya;Vallmanya, Antoni;1429;1490;;Barcelona;central;;;Poesies;;False;;1.txt;24; Fet ignorant jo del trobat jardí;FET#ig.no.RANT#jo#DEL#tro.BAT#jar.DÍ;4;0;0;5;0;2;0;4;0;5;10;0;4+6;;6;[1, 3, 1, 1, 2, 2];2;4.0;1001 010101;4005 020405;;S.wwS.w.S.wS.wS|
Antoni Vallmanya;Vallmanya, Antoni;1429;1490;;Barcelona;central;;;Poesies;;False;;1.txt;25; arbres e flors e gesmins per tot cayre;AR.bres#e#FLORS#e#ges.MINS#per#tot#CAY.re;4;0;0;5;0;0;4;0;0;5;10;1;4+6;;8;[2, 1, 1, 1, 2, 1, 1, 2];3;5.0;1001 001001;4005 004005;;Sw.w.S.w.wS.w.w.Sw|
Antoni Vallmanya;Vallmanya, Antoni;1429;1490;;Barcelona;central;;;Poesies;;False;;1.txt;26; entrelliçats de verdor viu luhir.;en.TRE.lli.ÇATS#de#ver.dor#VIU#lu.IR;0;2;0;5;0;0;1;4;0;5;10;0;4+6;;5;[4, 1, 2, 1, 2];1;4.0;0101 000101;0205 001405;;wSwS.w.ww.S.wS|
Antoni Vallmanya;Vallmanya, Antoni;1429;1490;;Barcelona;central;;;Poesies;;False;;1.txt;27; Tardat poch temps, un suspir hoý fort;tar.DAT#poch#TEMPS#un#sus.PIR#ho.í#FORT;0;4;0;5;0;0;4;0;1;5;10;0;4+6;;7;[2, 1, 1, 1, 2, 2, 1];3;4.0;0101 001001;0405 004015;;wS.w.S.w.wS.ww.S|
Antoni Vallmanya;Vallmanya, Antoni;1429;1490;;Barcelona;central;;;Poesies;;False;;1.txt;28; a parer meu, mostrant final deport.;A#pa.rer#MEU#mos.TRANT#fi.NAL#de.PORT;2;0;1;5;0;4;0;4;0;5;10;0;4+6;;6;[1, 2, 1, 2, 2, 2];3;3.0;1001 010101;2015 040405;;S.ww.S.wS.wS.wS|
Antoni Vallmanya;Vallmanya, Antoni;1429;1490;;Barcelona;central;;;Poesies;;False;;1.txt;29; fins al mig loch intrar desliberé,;FINS#al#mig#LOCH#in.TRAR#des.LI.be.RÉ;4;0;1;5;0;4;0;2;0;5;10;0;4+6;;6;[1, 1, 1, 1, 2, 4];4;2.0;1001 010101;4015 040205;;S.w.w.S.wS.wSwS|
Antoni Vallmanya;Vallmanya, Antoni;1429;1490;;Barcelona;central;;;Poesies;;False;;1.txt;30; hon viu estar una bella donzella;hon#VIU#es.TAR#u.na#BE.lla#don.ZE.lla;0;4;0;5;0;0;4;0;0;5;10;1;4+6;;6;[1, 1, 2, 2, 2, 3];3;3.0;0101 001001;0405 004005;;w.S.wS.ww.Sw.wSw|
Antoni Vallmanya;Vallmanya, Antoni;1429;1490;;Barcelona;central;;;Poesies;;False;;1.txt;31; Ab un trist gest e tot mudat esguard,;ab#UN#trist#GEST#e#TOT#mu.DAT#es.GUARD;0;3;0;5;0;2;0;4;0;5;10;0;4+6;;8;[1, 1, 1, 1, 1, 1, 2, 2];4;4.0;0101 010101;0305 020405;;w.S.w.S.w.S.wS.wS|
Antoni Vallmanya;Vallmanya, Antoni;1429;1490;;Barcelona;central;;;Poesies;;False;;1.txt;32; mercé clamant son bé no·s degués tolre,;mer.CÉ#cla.MANT#son#bé#NO'S#de.gués#TOL.re;0;4;0;5;0;1;4;0;1;5;10;1;4+6;;7;[2, 2, 1, 1, 1, 2, 2];2;5.0;0101 001001;0405 014015;;wS.wS.w.w.S.ww.Sw|
Antoni Vallmanya;Vallmanya, Antoni;1429;1490;;Barcelona;central;;;Poesies;;False;;1.txt;33; ne dar-li mort per lo vengut mes tard.;ne#DAR#li#MORT#per#LO#ven.GUT#mes#TARD;0;4;0;5;0;2;0;4;0;5;10;0;4+6;;9;[1, 1, 1, 1, 1, 1, 2, 1, 1];4;5.0;0101 010101;0405 020405;;w.S.w.S.w.S.wS.w.S|
Antoni Vallmanya;Vallmanya, Antoni;1429;1490;;Barcelona;central;;;Poesies;;False;;1.txt;34; Fets aquests prechs desdenyant ab gran pena,;FETS#a.quests#PRECHS#des.de.NYANT#ab#gran#PE.na;4;0;1;5;0;0;4;0;1;5;10;1;4+6;;7;[1, 2, 1, 3, 1, 1, 2];3;4.0;1001 001001;4015 004015;;S.ww.S.wwS.w.w.Sw|
Antoni Vallmanya;Vallmanya, Antoni;1429;1490;;Barcelona;central;;;Poesies;;False;;1.txt;35; ella·l respòs ab fort aspre gosar:;E.lla'l#res.PÒS#ab#fort#AS.pre#go.SAR;3;0;0;5;0;1;4;0;0;5;10;0;4+6;;6;[2, 2, 1, 1, 2, 2];2;4.0;1001 001001;3005 014005;;Sw.wS.w.w.Sw.wS|
Antoni Vallmanya;Vallmanya, Antoni;1429;1490;;Barcelona;central;;;Poesies;;False;;1.txt;36; Dolent-me ferm d’aquell amorós dol;do.LENT#me#FERM#d'a.quell#A.mo.rós#DOL;0;4;0;5;0;0;2;0;1;5;10;0;4+6;;6;[2, 1, 1, 2, 3, 1];3;3.0;0101 001001;0405 002015;;wS.w.S.ww.Sww.S|
Antoni Vallmanya;Vallmanya, Antoni;1429;1490;;Barcelona;central;;;Poesies;;False;;1.txt;37; me vench record lo cas de ma partença,;me#VENCH#re.CORD#lo#CAS#de#MA#par.TEN.ça;0;4;0;5;0;4;0;2;0;5;10;1;4+6;;8;[1, 1, 2, 1, 1, 1, 1, 3];3;5.0;0101 010101;0405 040205;;w.S.wS.w.S.w.S.wSw|
Antoni Vallmanya;Vallmanya, Antoni;1429;1490;;Barcelona;central;;;Poesies;;False;;1.txt;38; me só dispost que, de desconaxença;me#SÓ#dis.POST#que#DE#des.CO.na.XEN.ça;0;3;0;5;0;2;0;2;0;5;10;1;4+6;;6;[1, 1, 2, 1, 1, 5];3;3.0;0101 010101;0305 020205;;w.S.wS.w.S.wSwSw|
Antoni Vallmanya;Vallmanya, Antoni;1429;1490;;Barcelona;central;;;Poesies;;False;;1.txt;39; ella reptant, un vers ne sia dit.;E.lla#rep.TANT#un#VERS#ne#SI.a#DIT;3;0;0;5;0;3;0;4;0;5;10;0;4+6;;7;[2, 2, 1, 1, 1, 2, 1];2;5.0;1001 010101;3005 030405;;Sw.wS.w.S.w.Sw.S|
Antoni Vallmanya;Vallmanya, Antoni;1429;1490;;Barcelona;central;;;Poesies;;False;;1.txt;40; pus me trob vuy, e luny de Conaxença,;PUS#me#trob#VUY#e#LUNY#de#CO.na.XEN.ça;4;0;1;5;0;4;0;2;0;5;10;1;4+6;;8;[1, 1, 1, 1, 1, 1, 1, 4];4;4.0;1001 010101;4015 040205;;S.w.w.S.w.S.w.SwSw|
Antoni Vallmanya;Vallmanya, Antoni;1429;1490;;Barcelona;central;;;Poesies;;False;;12.txt;1;          Per lo que veig de vós tot me reprench,;PER#lo#que#VEIG#de#VÓS#tot#ME#re.PRENC;2;0;0;5;0;4;0;2;0;5;10;0;4+6;;9;[1, 1, 1, 1, 1, 1, 1, 1, 2];4;5.0;1001 010101;2005 040205;;S.w.w.S.w.S.w.S.wS|
Antoni Vallmanya;Vallmanya, Antoni;1429;1490;;Barcelona;central;;;Poesies;;False;;12.txt;2;"           reprench lo grat qui·m sobr’ ha vos amar;";re.PRENCH#lo#GRAT#qui'm#SOBR#ha#VOS#a.MAR;0;4;0;5;0;4;0;2;0;5;10;0;4+6;;8;[2, 1, 1, 1, 1, 1, 1, 2];3;5.0;0101 010101;0405 040205;;wS.w.S.w.S.w.S.wS|
Antoni Vallmanya;Vallmanya, Antoni;1429;1490;;Barcelona;central;;;Poesies;;False;;12.txt;3;           amar no us vull, ans mon voler sospench,;a.MAR#no‿us#VULL#ans#MON#vo.LER#sos.PENC;0;4;0;5;0;2;0;4;0;5;10;0;4+6;;8;[2, 1, 1, 1, 1, 1, 2, 2];3;4.0;0101 010101;0405 020405;;wS.w.S.w.S.wS.wS|
Antoni Vallmanya;Vallmanya, Antoni;1429;1490;;Barcelona;central;;;Poesies;;False;;12.txt;4;           sospench mon cor i a per vós desamar.;sos.PENCH#mon#COR#i‿a#per#VÓS#de.sa.MAR;0;4;0;5;0;0;4;0;0;5;10;0;4+6;;8;[2, 1, 1, 1, 1, 1, 1, 3];3;4.0;0101 001001;0405 004005;;wS.w.S.w.w.S.wwS|
Antoni Vallmanya;Vallmanya, Antoni;1429;1490;;Barcelona;central;;;Poesies;;False;;12.txt;5;           és a tot hom que vil hamor vos guasta,;ÉS#a#tot#HOM#que#VIL#ha.MOR#vos#GUAS.ta;3;0;0;5;0;4;0;4;0;5;10;1;4+6;;9;[1, 1, 1, 1, 1, 1, 2, 1, 2];4;5.0;1001 010101;3005 040405;;S.w.w.S.w.S.wS.w.Sw|
Antoni Vallmanya;Vallmanya, Antoni;1429;1490;;Barcelona;central;;;Poesies;;False;;12.txt;6;           e nos tan pus, sol que sia request.;E#nos#tan#PUS#sol#que#SI.a#re.QUEST;2;0;0;5;0;0;4;0;0;5;10;0;4+6;;8;[1, 1, 1, 1, 1, 1, 2, 2];4;4.0;1001 001001;2005 004005;;S.w.w.S.w.w.Sw.wS|
Antoni Vallmanya;Vallmanya, Antoni;1429;1490;;Barcelona;central;;;Poesies;;False;;12.txt;7;           Vostre cor va si vuyt o deu no tasta,;VOS.tre#cor#VA#si#VUYT#o#DEU#no#TAS.ta;3;0;1;5;0;4;0;4;0;5;10;1;4+6;;9;[2, 1, 1, 1, 1, 1, 1, 1, 2];3;6.0;1001 010101;3015 040405;;Sw.w.S.w.S.w.S.w.Sw|
Antoni Vallmanya;Vallmanya, Antoni;1429;1490;;Barcelona;central;;;Poesies;;False;;12.txt;8;           de fam met so e crit molt desonest.;de#FAM#met#SO#e#CRIT#molt#DE.so.NEST;0;4;0;5;0;4;0;2;0;5;10;0;4+6;;8;[1, 1, 1, 1, 1, 1, 1, 3];4;4.0;0101 010101;0405 040205;;w.S.w.S.w.S.w.SwS|
Antoni Vallmanya;Vallmanya, Antoni;1429;1490;;Barcelona;central;;;Poesies;;False;;12.txt;9;         Ja no us podeu estimar per honesta,;ja#NO‿US#po.DEU#es.ti.MAR#per#ho.NES.ta;0;3;0;5;0;0;4;0;0;5;10;1;4+6;;7;[1, 1, 1, 2, 3, 1, 3];3;3.0;0101 001001;0305 004005;;w.S.wS.wwS.w.wSw|
Antoni Vallmanya;Vallmanya, Antoni;1429;1490;;Barcelona;central;;;Poesies;;False;;12.txt;10;         De vuy anant no·m sereu agradabla,;de#VUY#a.NANT#NO'M#se.REU#a.gra.DA.bla;0;4;0;5;4;0;4;0;0;5;10;1;4+6;;6;[1, 1, 2, 1, 2, 4];3;3.0;0101 101001;0405 404005;;w.S.wS.S.wS.wwSw|
Antoni Vallmanya;Vallmanya, Antoni;1429;1490;;Barcelona;central;;;Poesies;;False;;12.txt;11;         pus vostre fat vos fa sser variabla.;PUS#vos.tre#FAT#vos#fa#SSER#va.ri.A.bla;4;1;0;5;0;1;4;0;0;5;10;1;4+6;;7;[1, 2, 1, 1, 1, 1, 4];3;4.0;1001 001001;4105 014005;;S.ww.S.w.w.S.wwSw|
Antoni Vallmanya;Vallmanya, Antoni;1429;1490;;Barcelona;central;;;Poesies;;False;;13.txt;1;         Pus que tots iorns no cessats fer gabella;PUS#que#tots#IORNS#no#CES.sats#FER#ga.BE.lla;4;0;0;5;0;2;1;4;0;5;10;1;4+6;;8;[1, 1, 1, 1, 1, 2, 1, 3];4;4.0;1001 010101;4005 021405;;S.w.w.S.w.Sw.S.wSw|
Antoni Vallmanya;Vallmanya, Antoni;1429;1490;;Barcelona;central;;;Poesies;;False;;13.txt;2;          ab la qui us vol vers mi mal concellar,;ab#LA#qui‿us#VOL#vers#mi#MAL#con.ce.LLAR;0;2;0;5;0;0;4;0;0;5;10;0;4+6;;9;[1, 1, 1, 1, 1, 1, 1, 1, 3];4;4.0;0101 001001;0205 004005;;w.S.w.S.w.w.S.wwS|
Antoni Vallmanya;Vallmanya, Antoni;1429;1490;;Barcelona;central;;;Poesies;;False;;13.txt;3;          no menyarets de ma fruyta novella;NO#me.nya.RETS#de#ma#FRUY.ta#no.VE.lla;3;0;0;5;0;0;4;0;0;5;10;1;4+6;;6;[1, 3, 1, 1, 2, 3];2;4.0;1001 001001;3005 004005;;S.wwS.w.w.Sw.wSw|
Antoni Vallmanya;Vallmanya, Antoni;1429;1490;;Barcelona;central;;;Poesies;;False;;13.txt;4;          d’ací anant, ans n’aurets a comprar,;d'a.CÍ#a.NANT#ANS#n'au.RETS#a#com.PRAR;0;4;0;5;4;0;4;0;0;5;10;0;4+6;;6;[2, 2, 1, 2, 1, 2];2;4.0;0101 101001;0405 404005;;wS.wS.S.wS.w.wS|
Antoni Vallmanya;Vallmanya, Antoni;1429;1490;;Barcelona;central;;;Poesies;;False;;13.txt;5;          car tant havets solaçat a vostr’ ayre;CAR#tant#ha.VETS#so.la.ÇAT#a#vostr#AY.re;4;1;0;5;0;0;4;0;1;5;10;1;4+6;;7;[1, 1, 2, 3, 1, 1, 2];3;4.0;1001 001001;4105 004015;;S.w.wS.wwS.w.w.Sw|
Antoni Vallmanya;Vallmanya, Antoni;1429;1490;;Barcelona;central;;;Poesies;;False;;13.txt;6;          celadament ab lo qui us bat la pell.;ce.LA.da.MENT#ab#LO#qui‿us#BAT#la#PELL;0;2;0;5;0;2;0;4;0;5;10;0;4+6;;8;[4, 1, 1, 1, 1, 1, 1, 1];1;6.0;0101 010101;0205 020405;;wSwS.w.S.w.S.w.S|
Antoni Vallmanya;Vallmanya, Antoni;1429;1490;;Barcelona;central;;;Poesies;;False;;13.txt;7;          D’est’ or’ avant da vostr’ amor m’apell,;d'est#OR#a.VANT#da#VOSTR#a.MOR#m'a.PELL;0;4;0;5;0;3;0;4;0;5;10;0;4+6;;7;[1, 1, 2, 1, 1, 2, 2];3;4.0;0101 010101;0405 030405;;w.S.wS.w.S.wS.wS|
Antoni Vallmanya;Vallmanya, Antoni;1429;1490;;Barcelona;central;;;Poesies;;False;;13.txt;8;          e may nous vers no midaria gayre.;e#MAY#nous#VERS#no#MI.da.RI.a#GAY.re;0;4;0;5;0;2;0;4;0;5;10;1;4+6;;7;[1, 1, 1, 1, 1, 4, 2];4;3.0;0101 010101;0405 020405;;w.S.w.S.w.SwSw.Sw|
Antoni Vallmanya;Vallmanya, Antoni;1429;1490;;Barcelona;central;;;Poesies;;False;;2.txt;1;En Fogassot, pus sou enamorat,;en#FO.gas.SOT#pus#SOU#en.A.mo.RAT;0;2;0;5;0;4;0;2;0;5;10;0;4+6;;5;[1, 3, 1, 1, 4];2;3.0;0101 010101;0205 040205;;w.SwS.w.S.wSwS|
Antoni Vallmanya;Vallmanya, Antoni;1429;1490;;Barcelona;central;;;Poesies;;False;;2.txt;2; deman-vos yo, donzell' anamorada,;de.MAN#vos#YO#don.ZELL#a.NA.mo.RA.da;0;4;0;5;0;4;0;2;0;5;10;1;4+6;;5;[2, 1, 1, 2, 5];3;2.0;0101 010101;0405 040205;;wS.w.S.wS.wSwSw|
Antoni Vallmanya;Vallmanya, Antoni;1429;1490;;Barcelona;central;;;Poesies;;False;;2.txt;3; si prench marit vell, d'onorós estat,;si#PRENCH#ma.RIT#vell#D'O.no.RÓS#es.TAT;0;4;0;5;0;2;0;4;0;5;10;0;4+6;;6;[1, 1, 2, 1, 3, 2];3;3.0;0101 010101;0405 020405;;w.S.wS.w.SwS.wS|
Antoni Vallmanya;Vallmanya, Antoni;1429;1490;;Barcelona;central;;;Poesies;;False;;2.txt;4; ab qui tostemps gran riques' és estada,;ab#QUI#tos.TEMPS#gran#RI.ques#ÉS#es.TA.da;0;2;0;5;0;4;0;3;0;5;10;1;4+6;;7;[1, 1, 2, 1, 2, 1, 3];3;4.0;0101 010101;0205 040305;;w.S.wS.w.Sw.S.wSw|
Antoni Vallmanya;Vallmanya, Antoni;1429;1490;;Barcelona;central;;;Poesies;;False;;2.txt;5; o jove bell, de grau gentil, honrat,;o#JO.ve#BELL#de#GRAU#gen.TIL#hon.RAT;0;4;0;5;0;4;0;4;0;5;10;0;4+6;;7;[1, 2, 1, 1, 1, 2, 2];3;4.0;0101 010101;0405 040405;;w.Sw.S.w.S.wS.wS|
Antoni Vallmanya;Vallmanya, Antoni;1429;1490;;Barcelona;central;;;Poesies;;False;;2.txt;6;" nodrint son cors ab pobresa honrada;";no.DRINT#son#CORS#ab#po.BRE.sa#hon.RA.da;0;4;0;5;0;0;4;0;0;5;10;1;4+6;;6;[2, 1, 1, 1, 3, 3];3;3.0;0101 001001;0405 004005;;wS.w.S.w.wSw.wSw|
Antoni Vallmanya;Vallmanya, Antoni;1429;1490;;Barcelona;central;;;Poesies;;False;;2.txt;7; si fforsat m'és pendre still maridat,;SI#ffor.sat#M'ÉS#PEN.dre‿es#TILL#ma.ri.DAT;2;0;1;5;4;0;4;0;0;5;10;0;4+6;;6;[1, 2, 1, 2, 1, 3];3;3.0;1001 101001;2015 404005;;S.ww.S.Sw.S.wwS|
Antoni Vallmanya;Vallmanya, Antoni;1429;1490;;Barcelona;central;;;Poesies;;False;;2.txt;8; ab quals d'aquests seré mils maridada,;ab#QUALS#d'a.QUESTS#se.ré#MILS#ma.ri.DA.da;0;2;0;5;0;1;4;0;0;5;10;1;4+6;;6;[1, 1, 2, 2, 1, 4];3;3.0;0101 001001;0205 014005;;w.S.wS.ww.S.wwSw|
Antoni Vallmanya;Vallmanya, Antoni;1429;1490;;Barcelona;central;;;Poesies;;False;;2.txt;9; sia yo quant seré jus son poder;SI.a#yo#QUANT#se.ré#JUS#son#po.DER;4;0;0;5;0;1;4;0;0;5;10;0;4+6;;7;[2, 1, 1, 2, 1, 1, 2];3;4.0;1001 001001;4005 014005;;Sw.w.S.ww.S.w.wS|
Antoni Vallmanya;Vallmanya, Antoni;1429;1490;;Barcelona;central;;;Poesies;;False;;2.txt;10; e que mon cors ne visqu' ab millor pler?;e#QUE#mon#CORS#ne#VIS.qu‿ab#MI.llor#PLER;0;2;0;5;0;4;0;2;1;5;10;0;4+6;;9;[1, 1, 1, 1, 1, 2, 1, 2, 1];4;4.0;0101 010101;0205 040215;;w.S.w.S.w.Sw.Sw.S|
Antoni Vallmanya;Vallmanya, Antoni;1429;1490;;Barcelona;central;;;Poesies;;False;;2.txt;11; Contra·l voler lo seny arremorat;CON.tra'l#vo.LER#lo#SENY#ar.RE.mo.RAT;3;0;0;5;0;4;0;2;0;5;10;0;4+6;;5;[2, 2, 1, 1, 4];2;3.0;1001 010101;3005 040205;;Sw.wS.w.S.wSwS|
Antoni Vallmanya;Vallmanya, Antoni;1429;1490;;Barcelona;central;;;Poesies;;False;;2.txt;12; de vós, galant, m'ha l'arm' aremorada,;de#VÓS#ga.LANT#m'ha#L'ARM#a.RE.mo.RA.da;0;4;0;5;0;4;0;2;0;5;10;1;4+6;;6;[1, 1, 2, 1, 1, 5];3;3.0;0101 010101;0405 040205;;w.S.wS.w.S.wSwSw|
Antoni Vallmanya;Vallmanya, Antoni;1429;1490;;Barcelona;central;;;Poesies;;False;;2.txt;13; com sens consell no veu prest apartat;com#SENS#con.SELL#no#veu#PREST#a.par.TAT;0;3;0;5;0;1;4;0;0;5;10;0;4+6;;7;[1, 1, 2, 1, 1, 1, 3];3;4.0;0101 001001;0305 014005;;w.S.wS.w.w.S.wwS|
Antoni Vallmanya;Vallmanya, Antoni;1429;1490;;Barcelona;central;;;Poesies;;False;;2.txt;14;" la patent part qui deu ser apartada;";LA#pa.tent#PART#qui#DEU#ser#A.par.TA.da;2;0;1;5;0;4;0;2;0;5;10;1;4+6;;7;[1, 2, 1, 1, 1, 1, 4];3;4.0;1001 010101;2015 040205;;S.ww.S.w.S.w.SwSw|
Antoni Vallmanya;Vallmanya, Antoni;1429;1490;;Barcelona;central;;;Poesies;;False;;2.txt;15; per què us ichnor, pus m'haveu nomenat,;per#QUÈ‿US#ich.NOR#PUS#m'ha.VEU#no.me.NAT;0;3;0;5;4;0;4;0;0;5;10;0;4+6;;7;[1, 1, 1, 2, 1, 2, 3];3;3.0;0101 101001;0305 404005;;w.S.wS.S.wS.wwS|
Antoni Vallmanya;Vallmanya, Antoni;1429;1490;;Barcelona;central;;;Poesies;;False;;2.txt;16; prech-me feu cert de vostra nomenada,;PRECH#me#feu#CERT#de#VOS.tra#NO.me.NA.da;4;0;1;5;0;3;0;2;0;5;10;1;4+6;;7;[1, 1, 1, 1, 1, 2, 4];4;3.0;1001 010101;4015 030205;;S.w.w.S.w.Sw.SwSw|
Antoni Vallmanya;Vallmanya, Antoni;1429;1490;;Barcelona;central;;;Poesies;;False;;2.txt;17; e no tardeu pendre·l jove de grat,;e#NO#tar.DEU#PEN.dre'l#JO.ve#de#GRAT;0;3;0;5;4;0;4;0;0;5;10;0;4+6;;7;[1, 1, 2, 2, 2, 1, 1];3;4.0;0101 101001;0305 404005;;w.S.wS.Sw.Sw.w.S|
Antoni Vallmanya;Vallmanya, Antoni;1429;1490;;Barcelona;central;;;Poesies;;False;;2.txt;18; qui per dret juí de vós sentiu s'egrada,;qui#PER#dret#JUÍ#de#VÓS#sen.TIU#s'e.GRA.da;0;2;1;4;0;5;0;4;0;5;10;1;6+4;['sinèresi'];8;[1, 1, 1, 1, 1, 1, 2, 3];6;2.0;010101 0101;021405 0405;;w.S.w.S.w.S.wS.wSw|
Antoni Vallmanya;Vallmanya, Antoni;1429;1490;;Barcelona;central;;;Poesies;;False;;2.txt;19; molt sereu mils, ab ferm leyal voler,;MOLT#se.reu#MILS#ab#FERM#le.YAL#vo.LER;2;0;1;5;0;4;0;4;0;5;10;0;4+6;;7;[1, 2, 1, 1, 1, 2, 2];3;4.0;1001 010101;2015 040405;;S.ww.S.w.S.wS.wS|
Antoni Vallmanya;Vallmanya, Antoni;1429;1490;;Barcelona;central;;;Poesies;;False;;2.txt;20; que del vell ple de tressor e d'ever.;que#DEL#vell#PLE#de#tres.SOR#e#d'e.VER;0;2;1;5;0;0;4;0;0;5;10;0;4+6;;8;[1, 1, 1, 1, 1, 2, 1, 2];4;4.0;0101 001001;0215 004005;;w.S.w.S.w.wS.w.wS|
Antoni Vallmanya;Vallmanya, Antoni;1429;1490;;Barcelona;central;;;Poesies;;False;;2.txt;21;Vostre respost' a mon sentit torbat,;VOS.tre#res.POST#a#MON#sen.TIT#tor.BAT;3;0;0;5;0;2;0;4;0;5;10;0;4+6;;6;[2, 2, 1, 1, 2, 2];2;4.0;1001 010101;3005 020405;;Sw.wS.w.S.wS.wS|
Antoni Vallmanya;Vallmanya, Antoni;1429;1490;;Barcelona;central;;;Poesies;;False;;2.txt;22; prenent tal part, e yo me'n só torbada,;pre.NENT#tal#PART#e#YO#me'n#SÓ#tor.BA.da;0;4;0;5;0;2;0;4;0;5;10;1;4+6;;8;[2, 1, 1, 1, 1, 1, 1, 3];3;5.0;0101 010101;0405 020405;;wS.w.S.w.S.w.S.wSw|
Antoni Vallmanya;Vallmanya, Antoni;1429;1490;;Barcelona;central;;;Poesies;;False;;2.txt;23; car lo meu juí tostemps m'ha consellat;CAR#lo#meu#JUÍ#tos.TEMPS#m'ha#CON.se.LLAT;4;0;0;4;0;5;0;2;0;5;10;0;6+4;['sinèresi'];7;[1, 1, 1, 1, 2, 1, 3];5;2.0;100101 0101;400405 0205;;S.w.w.S.wS.w.SwS|
Antoni Vallmanya;Vallmanya, Antoni;1429;1490;;Barcelona;central;;;Poesies;;False;;2.txt;24;" prengua lo bé ab qui·m só consellada;";PREN.gua#lo#BÉ#ab#qui'm#SÓ#con.se.LLA.da;4;0;0;5;0;0;3;0;0;5;10;1;4+6;;7;[2, 1, 1, 1, 1, 1, 4];3;4.0;1001 001001;4005 003005;;Sw.w.S.w.w.S.wwSw|
Antoni Vallmanya;Vallmanya, Antoni;1429;1490;;Barcelona;central;;;Poesies;;False;;2.txt;25; e si dubtats qui us a ço intimat,;e#SI#dub.TATS#qui#US#a#ÇO‿IN.ti.MAT;0;2;0;5;0;4;0;2;0;5;10;0;4+6;;8;[1, 1, 2, 1, 1, 1, 1, 3];3;4.0;0101 010101;0205 040205;;w.S.wS.w.S.w.SwS|
Antoni Vallmanya;Vallmanya, Antoni;1429;1490;;Barcelona;central;;;Poesies;;False;;2.txt;26; preneu conort car no us seré 'ntimada.;pre.NEU#co.NORT#CAR#no‿us#se.RÉ'#nti.MA.da;0;4;0;5;4;0;0;2;0;5;10;1;4+6;;7;[2, 2, 1, 1, 1, 2, 3];2;4.0;0101 100101;0405 400205;;wS.wS.S.w.wS.wSw|
Antoni Vallmanya;Vallmanya, Antoni;1429;1490;;Barcelona;central;;;Poesies;;False;;2.txt;27; Riquesa vull, per què serà stimat;ri.QUE.sa#VULL#per#QUÈ#se.RÀ‿ES#ti.MAT;0;4;0;5;0;3;0;3;0;5;10;0;4+6;;6;[3, 1, 1, 1, 2, 2];2;4.0;0101 010101;0405 030305;;wSw.S.w.S.wS.wS|
Antoni Vallmanya;Vallmanya, Antoni;1429;1490;;Barcelona;central;;;Poesies;;False;;2.txt;28; mon jentil cors e m'honor estimada,;MON#jen.til#CORS#e#m'ho.NOR#es.ti.MA.da;2;0;1;5;0;0;4;0;0;5;10;1;4+6;;6;[1, 2, 1, 1, 2, 4];3;3.0;1001 001001;2015 004005;;S.ww.S.w.wS.wwSw|
Antoni Vallmanya;Vallmanya, Antoni;1429;1490;;Barcelona;central;;;Poesies;;False;;2.txt;29; viure millor, a mon pler e delit,;VIU.re#mi.LLOR#a#mon#PLER#e#de.LIT;4;0;0;5;0;0;4;0;0;5;10;0;4+6;;7;[2, 2, 1, 1, 1, 1, 2];2;5.0;1001 001001;4005 004005;;Sw.wS.w.w.S.w.wS|
Antoni Vallmanya;Vallmanya, Antoni;1429;1490;;Barcelona;central;;;Poesies;;False;;2.txt;30; tenint hom vell, ab riquesa, marit.;te.NINT#hom#VELL#ab#ri.QUE.sa#ma.RIT;0;4;0;5;0;0;4;0;0;5;10;0;4+6;;6;[2, 1, 1, 1, 3, 2];3;3.0;0101 001001;0405 004005;;wS.w.S.w.wSw.wS|
Antoni Vallmanya;Vallmanya, Antoni;1429;1490;;Barcelona;central;;;Poesies;;False;;2.txt;31; Algú no sé, si ja no·s axorbat;al.GÚ#no#SÉ#si#ja#NO'S#a.xor.BAT;0;3;0;5;0;1;4;0;0;5;10;0;4+6;;7;[2, 1, 1, 1, 1, 1, 3];3;4.0;0101 001001;0305 014005;;wS.w.S.w.w.S.wwS|
Antoni Vallmanya;Vallmanya, Antoni;1429;1490;;Barcelona;central;;;Poesies;;False;;2.txt;32; e de rahó tingua pens' axorbada,;e#DE#ra.HÓ#TIN.gua#PENS#a.xor.BA.da;0;2;0;5;4;0;4;0;0;5;10;1;4+6;;6;[1, 1, 2, 2, 1, 4];3;3.0;0101 101001;0205 404005;;w.S.wS.Sw.S.wwSw|
Antoni Vallmanya;Vallmanya, Antoni;1429;1490;;Barcelona;central;;;Poesies;;False;;2.txt;33; qui vostre dit no haje cancellat,;qui#VOS.tre#DIT#no#HA.je#CAN.ce.LLAT;0;3;0;5;0;4;0;2;0;5;10;0;4+6;;6;[1, 2, 1, 1, 2, 3];3;3.0;0101 010101;0305 040205;;w.Sw.S.w.Sw.SwS|
Antoni Vallmanya;Vallmanya, Antoni;1429;1490;;Barcelona;central;;;Poesies;;False;;2.txt;34; car via té qui deu ser cancellada.;car#VI.a#TÉ#qui#deu#SER#can.ce.LLA.da;0;4;0;5;0;1;3;0;0;5;10;1;4+6;;7;[1, 2, 1, 1, 1, 1, 4];3;4.0;0101 001001;0405 013005;;w.Sw.S.w.w.S.wwSw|
Antoni Vallmanya;Vallmanya, Antoni;1429;1490;;Barcelona;central;;;Poesies;;False;;2.txt;35; Diners haureu ab l'indispost rugat,;di.NERS#hau.REU#ab#L'IN.dis.POST#ru.GAT;0;4;0;5;0;2;0;4;0;5;10;0;4+6;;5;[2, 2, 1, 3, 2];2;3.0;0101 010101;0405 020405;;wS.wS.w.SwS.wS|
Antoni Vallmanya;Vallmanya, Antoni;1429;1490;;Barcelona;central;;;Poesies;;False;;2.txt;36; consentint-li vostra carn no rugada,;con.sen.TINT#li#VOS.tra#CARN#no#ru.GA.da;0;0;4;0;3;0;4;0;0;5;10;1;Cap;;6;[3, 1, 2, 1, 1, 3];6;;0010101001;0040304005;;wwS.w.Sw.S.w.wSw|
Antoni Vallmanya;Vallmanya, Antoni;1429;1490;;Barcelona;central;;;Poesies;;False;;2.txt;37; mas no delit, car no·s en ell trobat,;MAS#no#de.LIT#car#NO'S#en#ELL#tro.BAT;4;1;0;5;0;4;0;2;0;5;10;0;4+6;;8;[1, 1, 2, 1, 1, 1, 1, 2];3;5.0;1001 010101;4105 040205;;S.w.wS.w.S.w.S.wS|
Antoni Vallmanya;Vallmanya, Antoni;1429;1490;;Barcelona;central;;;Poesies;;False;;2.txt;38;" sol obra tal en endispost trobada;";sol#O.bra#TAL#en#EN.dis.POST#tro.BA.da;0;4;0;5;0;2;0;4;0;5;10;1;4+6;;6;[1, 2, 1, 1, 3, 3];3;3.0;0101 010101;0405 020405;;w.Sw.S.w.SwS.wSw|
Antoni Vallmanya;Vallmanya, Antoni;1429;1490;;Barcelona;central;;;Poesies;;False;;2.txt;39; sereu granment per lo noble sentit:;se.REU#gran.MENT#per#lo#NO.ble#sen.TIT;0;3;0;5;0;0;4;0;0;5;10;0;4+6;;6;[2, 2, 1, 1, 2, 2];2;4.0;0101 001001;0305 004005;;wS.wS.w.w.Sw.wS|
Antoni Vallmanya;Vallmanya, Antoni;1429;1490;;Barcelona;central;;;Poesies;;False;;2.txt;40; quant mes val, donchs, lo donós e polit.;quant#MES#val#DONCHS#lo#do.NÓS#e#po.LIT;0;2;1;5;0;0;4;0;0;5;10;0;4+6;;8;[1, 1, 1, 1, 1, 2, 1, 2];4;4.0;0101 001001;0215 004005;;w.S.w.S.w.wS.w.wS|
Antoni Vallmanya;Vallmanya, Antoni;1429;1490;;Barcelona;central;;;Poesies;;False;;2.txt;41; sia ya, donchs, per vós ben escoltada.;SI.a#ya#DONCHS#per#VÓS#ben#ES.col.TA.da;4;0;1;5;0;4;0;2;0;5;10;1;4+6;;7;[2, 1, 1, 1, 1, 1, 4];3;4.0;1001 010101;4015 040205;;Sw.w.S.w.S.w.SwSw|
Antoni Vallmanya;Vallmanya, Antoni;1429;1490;;Barcelona;central;;;Poesies;;False;;2.txt;42; Veu que·n delit lo jov' és inclinat,;VEU#que'n#de.LIT#lo#JOV#és#IN.cli.NAT;4;0;0;5;0;4;0;2;0;5;10;0;4+6;;7;[1, 1, 2, 1, 1, 1, 3];3;4.0;1001 010101;4005 040205;;S.w.wS.w.S.w.SwS|
Antoni Vallmanya;Vallmanya, Antoni;1429;1490;;Barcelona;central;;;Poesies;;False;;2.txt;43;" jo no hi tindré calitat inclinada;";jo#NO‿HI#tin.DRÉ#ca.li.TAT#in.cli.NA.da;0;3;0;5;0;0;4;0;0;5;10;1;4+6;;6;[1, 1, 1, 2, 3, 4];3;2.0;0101 001001;0305 004005;;w.S.wS.wwS.wwSw|
Antoni Vallmanya;Vallmanya, Antoni;1429;1490;;Barcelona;central;;;Poesies;;False;;2.txt;44; e si per ço mon cor no·s alegrat,;E#si#per#ÇO#mon#cor#NO'S#a.le.GRAT;2;0;0;5;0;1;4;0;0;5;10;0;4+6;;8;[1, 1, 1, 1, 1, 1, 1, 3];4;4.0;1001 001001;2005 014005;;S.w.w.S.w.w.S.wwS|
Antoni Vallmanya;Vallmanya, Antoni;1429;1490;;Barcelona;central;;;Poesies;;False;;2.txt;45; com poré dir sia d'ell yo 'legrada?;COM#po.ré#DIR#SI.a#d'ell#YO'#le.GRA.da;2;0;1;5;4;0;0;4;0;5;10;1;4+6;;7;[1, 2, 1, 2, 1, 1, 3];3;4.0;1001 100101;2015 400405;;S.ww.S.Sw.w.S.wSw|
Antoni Vallmanya;Vallmanya, Antoni;1429;1490;;Barcelona;central;;;Poesies;;False;;2.txt;46; De fam e set mon cors serà 'bundat;de#FAM#e#SET#mon#CORS#se.RÀ'#bun.DAT;0;4;0;5;0;4;0;4;0;5;10;0;4+6;;8;[1, 1, 1, 1, 1, 1, 2, 2];4;4.0;0101 010101;0405 040405;;w.S.w.S.w.S.wS.wS|
Antoni Vallmanya;Vallmanya, Antoni;1429;1490;;Barcelona;central;;;Poesies;;False;;2.txt;47;" e de treballs tostemps seré 'bundada;";e#DE#tre.BALLS#tos.TEMPS#se.RÉ'#bun.DA.da;0;2;0;5;0;4;0;2;0;5;10;1;4+6;;6;[1, 1, 2, 2, 2, 3];3;3.0;0101 010101;0205 040205;;w.S.wS.wS.wS.wSw|
Antoni Vallmanya;Vallmanya, Antoni;1429;1490;;Barcelona;central;;;Poesies;;False;;2.txt;48;" entre les gents, prenent ples cascun jorn;";EN.tre#les#GENTS#pre.nent#PLES#cas.cun#JORN;3;0;0;5;0;1;4;0;0;5;10;0;4+6;;7;[2, 1, 1, 2, 1, 2, 1];3;4.0;1001 001001;3005 014005;;Sw.w.S.ww.S.ww.S|
Antoni Vallmanya;Vallmanya, Antoni;1429;1490;;Barcelona;central;;;Poesies;;False;;2.txt;49; e parleu prou, qu' alre no·m plau al món.;E#par.leu#PROU#QUAL.re#no'm#PLAU#al#MÓN;2;0;1;5;4;0;1;4;0;5;10;0;4+6;;8;[1, 2, 1, 2, 1, 1, 1, 1];3;5.0;1001 100101;2015 401405;;S.ww.S.Sw.w.S.w.S|
Antoni Vallmanya;Vallmanya, Antoni;1429;1490;;Barcelona;central;;;Poesies;;False;;2.txt;50;" Ufanós tayll vos té lo cor voltat;";U.fa.nós#TAYLL#vos#TÉ#lo#COR#vol.TAT;2;0;1;5;0;4;0;4;0;5;10;0;4+6;;7;[3, 1, 1, 1, 1, 1, 2];2;5.0;1001 010101;2015 040405;;Sww.S.w.S.w.S.wS|
Antoni Vallmanya;Vallmanya, Antoni;1429;1490;;Barcelona;central;;;Poesies;;False;;2.txt;51; al gran buffar vostra part és voltada,;al#GRAN#buf.FAR#vos.tra#PART#és#vol.TA.da;0;4;0;5;0;0;4;0;0;5;10;1;4+6;;7;[1, 1, 2, 2, 1, 1, 3];3;4.0;0101 001001;0405 004005;;w.S.wS.ww.S.w.wSw|
Antoni Vallmanya;Vallmanya, Antoni;1429;1490;;Barcelona;central;;;Poesies;;False;;2.txt;52; car sol pels bens voleu sia lausat;car#SOL#pels#BENS#vo.leu#SI.a#lau.SAT;0;4;0;5;0;1;4;0;0;5;10;0;4+6;;7;[1, 1, 1, 1, 2, 2, 2];4;3.0;0101 001001;0405 014005;;w.S.w.S.ww.Sw.wS|
Antoni Vallmanya;Vallmanya, Antoni;1429;1490;;Barcelona;central;;;Poesies;;False;;2.txt;53;" vostre cors bell, e joventut lansada;";VOS.tre#cors#BELL#e#JO.ven.TUT#lan.SA.da;3;0;1;5;0;2;0;4;0;5;10;1;4+6;;6;[2, 1, 1, 1, 3, 3];3;3.0;1001 010101;3015 020405;;Sw.w.S.w.SwS.wSw|
Antoni Vallmanya;Vallmanya, Antoni;1429;1490;;Barcelona;central;;;Poesies;;False;;2.txt;54; e, pus delit per vós és menyspresat,;e#PUS#de.LIT#per#VÓS#és#MENYS.pre.SAT;0;4;0;5;0;4;0;2;0;5;10;0;4+6;;7;[1, 1, 2, 1, 1, 1, 3];3;4.0;0101 010101;0405 040205;;w.S.wS.w.S.w.SwS|
Antoni Vallmanya;Vallmanya, Antoni;1429;1490;;Barcelona;central;;;Poesies;;False;;2.txt;55; molt menys frescor deu esser menyspresada.;molt#MENYS#fres.COR#deu#es.SER#menys.pre.SA.da;0;2;0;5;0;0;3;0;0;5;10;1;4+6;;6;[1, 1, 2, 1, 2, 4];3;3.0;0101 001001;0205 003005;;w.S.wS.w.wS.wwSw|
Antoni Vallmanya;Vallmanya, Antoni;1429;1490;;Barcelona;central;;;Poesies;;False;;2.txt;56; En fict' amor es vostre still fundat;en#FICT#a.MOR#es#VOS.tre‿es#TILL#fun.DAT;0;4;0;5;0;3;0;4;0;5;10;0;4+6;;7;[1, 1, 2, 1, 2, 1, 2];3;4.0;0101 010101;0405 030405;;w.S.wS.w.Sw.S.wS|
Antoni Vallmanya;Vallmanya, Antoni;1429;1490;;Barcelona;central;;;Poesies;;False;;2.txt;57;" mostrant-l' al vell, ves qui no sou fundada;";mos.TRANT#al#VELL#ves#QUI#no#SOU#fun.DA.da;0;4;0;5;0;2;1;3;0;5;10;1;4+6;;8;[2, 1, 1, 1, 1, 1, 1, 3];4;4.0;0101 010101;0405 021305;;wS.w.S.w.S.w.S.wSw|
Antoni Vallmanya;Vallmanya, Antoni;1429;1490;;Barcelona;central;;;Poesies;;False;;2.txt;58; sempre sereu, e no basqueu de hon;SEM.pre#se.REU#e#NO#bas.QUEU#de#HON;4;0;0;5;0;3;0;4;0;5;10;0;4+6;;7;[2, 2, 1, 1, 2, 1, 1];2;5.0;1001 010101;4005 030405;;Sw.wS.w.S.wS.w.S|
Antoni Vallmanya;Vallmanya, Antoni;1429;1490;;Barcelona;central;;;Poesies;;False;;2.txt;59; no us defalrà, si no us meteu entorn.;NO‿US#de.fal.RÀ#si#NO‿US#me.TEU#en.TORN;3;0;0;5;0;3;0;4;0;5;10;0;4+6;;8;[1, 1, 3, 1, 1, 1, 2, 2];2;4.0;1001 010101;3005 030405;;S.wwS.w.S.wS.wS|
Antoni Vallmanya;Vallmanya, Antoni;1429;1490;;Barcelona;central;;;Poesies;;False;;2.txt;60; Per hun tal pler pudent, leig, viciat,;per#HUN#tal#PLER#pu.dent#LEIG#vi.ci.AT;0;4;0;5;0;1;4;0;0;5;10;0;4+6;;7;[1, 1, 1, 1, 2, 1, 3];4;3.0;0101 001001;0405 014005;;w.S.w.S.ww.S.wwS|
Antoni Vallmanya;Vallmanya, Antoni;1429;1490;;Barcelona;central;;;Poesies;;False;;2.txt;61;" perdre no·m vull, car no·n so viciada; ";PER.dre#no'm#VULL#car#no'n#SO#vi.ci.A.da;4;0;1;5;0;1;4;0;0;5;10;1;4+6;;7;[2, 1, 1, 1, 1, 1, 4];3;4.0;1001 001001;4015 014005;;Sw.w.S.w.w.S.wwSw|
Antoni Vallmanya;Vallmanya, Antoni;1429;1490;;Barcelona;central;;;Poesies;;False;;2.txt;62; pel rich marit serà mon cors amat,;pel#RICH#ma.RIT#se.RÀ#mon#CORS#a.MAT;0;4;0;5;0;3;0;4;0;5;10;0;4+6;;7;[1, 1, 2, 2, 1, 1, 2];3;4.0;0101 010101;0405 030405;;w.S.wS.wS.w.S.wS|
Antoni Vallmanya;Vallmanya, Antoni;1429;1490;;Barcelona;central;;;Poesies;;False;;2.txt;63; e, sens dubtar, altra no·n serà 'mada.;e#SENS#dub.TAR#AL.tra#NO'N#se.rà'#MA.da;0;3;0;5;4;0;4;0;1;5;10;1;4+6;;7;[1, 1, 2, 2, 1, 2, 2];3;4.0;0101 101001;0305 404015;;w.S.wS.Sw.S.ww.Sw|
Antoni Vallmanya;Vallmanya, Antoni;1429;1490;;Barcelona;central;;;Poesies;;False;;2.txt;64; De plos, suspís, no tindre·l cor vexat,;de#PLOS#sus.PÍS#no#TIN.dre'l#COR#ve.XAT;0;4;0;5;0;4;0;4;0;5;10;0;4+6;;7;[1, 1, 2, 1, 2, 1, 2];3;4.0;0101 010101;0405 040405;;w.S.wS.w.Sw.S.wS|
Antoni Vallmanya;Vallmanya, Antoni;1429;1490;;Barcelona;central;;;Poesies;;False;;2.txt;65; la freturant ne viurà molt vexada,;la#FRE.tu.RANT#ne#viu.RÀ#molt#ve.XA.da;0;2;0;5;0;0;4;0;0;5;10;1;4+6;;6;[1, 3, 1, 2, 1, 3];2;4.0;0101 001001;0205 004005;;w.SwS.w.wS.w.wSw|
Antoni Vallmanya;Vallmanya, Antoni;1429;1490;;Barcelona;central;;;Poesies;;False;;2.txt;66;" per lo mester lo seny tindrà mudat;";per#LO#mes.TER#lo#SENY#tin.DRÀ#mu.DAT;0;2;0;5;0;4;0;4;0;5;10;0;4+6;;7;[1, 1, 2, 1, 1, 2, 2];3;4.0;0101 010101;0205 040405;;w.S.wS.w.S.wS.wS|
Antoni Vallmanya;Vallmanya, Antoni;1429;1490;;Barcelona;central;;;Poesies;;False;;2.txt;67; en altr' amar jo no·m seré mudada.;en#ALTR#a.MAR#jo#NO'M#se.RÉ#mu.DA.da;0;2;0;5;0;4;0;3;0;5;10;1;4+6;;7;[1, 1, 2, 1, 1, 2, 3];3;4.0;0101 010101;0205 040305;;w.S.wS.w.S.wS.wSw|
Antoni Vallmanya;Vallmanya, Antoni;1429;1490;;Barcelona;central;;;Poesies;;False;;2.txt;68; vida tindrà aquell' ab pobretat,;VI.da#tin.DRÀ#a.QUELL#ab#PO.bre.TAT;4;0;0;5;0;3;0;2;0;5;10;0;4+6;;5;[2, 2, 2, 1, 3];2;3.0;1001 010101;4005 030205;;Sw.wS.wS.w.SwS|
Antoni Vallmanya;Vallmanya, Antoni;1429;1490;;Barcelona;central;;;Poesies;;False;;2.txt;69; e yo solas e goig ab honestat.;e#yo#SO.las#e#GOIG#ab#HO.nes.TAT;0;0;4;0;0;5;0;2;0;5;10;0;6+4;;7;[1, 1, 2, 1, 1, 1, 3];5;2.0;001001 0101;004005 0205;;w.w.Sw.w.S.w.SwS|
Antoni Vallmanya;Vallmanya, Antoni;1429;1490;;Barcelona;central;;;Poesies;;False;;2.txt;70; Si bé mirau lo que us e 'nunciat,;si#BÉ#mi.RAU#lo#que‿us#E'#nun.ci.AT;0;4;0;5;0;0;2;0;0;5;10;0;4+6;;8;[1, 1, 2, 1, 1, 1, 1, 3];3;4.0;0101 001001;0405 002005;;w.S.wS.w.w.S.wwS|
Antoni Vallmanya;Vallmanya, Antoni;1429;1490;;Barcelona;central;;;Poesies;;False;;2.txt;71; no us e l'aror que deits may nunciada,;NO‿US#e#l'a.ROR#que#deits#MAY#nun.ci.A.da;3;0;0;5;0;1;4;0;0;5;10;1;4+6;;8;[1, 1, 1, 2, 1, 1, 1, 4];3;4.0;1001 001001;3005 014005;;S.w.wS.w.w.S.wwSw|
Antoni Vallmanya;Vallmanya, Antoni;1429;1490;;Barcelona;central;;;Poesies;;False;;2.txt;72; car mon ajust de bon zel és ramat;CAR#mon#a.JUST#de#bon#ZEL#és#ra.MAT;4;1;0;5;0;1;4;0;0;5;10;0;4+6;;8;[1, 1, 2, 1, 1, 1, 1, 2];3;5.0;1001 001001;4105 014005;;S.w.wS.w.w.S.w.wS|
Antoni Vallmanya;Vallmanya, Antoni;1429;1490;;Barcelona;central;;;Poesies;;False;;2.txt;73; perquè us cobriu de ten flaca ramada.;per.QUÈ‿US#co.BRIU#de#ten#FLA.ca#ra.MA.da;0;4;0;5;0;1;4;0;0;5;10;1;4+6;;7;[2, 1, 2, 1, 1, 2, 3];2;4.0;0101 001001;0405 014005;;wS.wS.w.w.Sw.wSw|
Antoni Vallmanya;Vallmanya, Antoni;1429;1490;;Barcelona;central;;;Poesies;;False;;2.txt;74; Lo vell preneu, postermós, heretat,;lo#VELL#pre.NEU#pos.ter.MÓS#he.re.TAT;0;4;0;5;0;0;4;0;0;5;10;0;4+6;;5;[1, 1, 2, 3, 3];3;2.0;0101 001001;0405 004005;;w.S.wS.wwS.wwS|
Antoni Vallmanya;Vallmanya, Antoni;1429;1490;;Barcelona;central;;;Poesies;;False;;2.txt;75; car part sa mort pensau ser haretada:;car#PART#sa#MORT#pen.SAU#ser#HA.re.TA.da;0;4;0;5;0;4;0;2;0;5;10;1;4+6;;7;[1, 1, 1, 1, 2, 1, 4];4;3.0;0101 010101;0405 040205;;w.S.w.S.wS.w.SwSw|
Antoni Vallmanya;Vallmanya, Antoni;1429;1490;;Barcelona;central;;;Poesies;;False;;2.txt;76;" de mala fi vostre fet no·s mundat;";de#MA.la#FI#vos.TRE#fet#NO'S#mun.DAT;0;4;0;5;0;2;1;4;0;5;10;0;4+6;;7;[1, 2, 1, 2, 1, 1, 2];3;4.0;0101 010101;0405 021405;;w.Sw.S.wS.w.S.wS|
Antoni Vallmanya;Vallmanya, Antoni;1429;1490;;Barcelona;central;;;Poesies;;False;;2.txt;77; l'obra que dich de tots crims es mundada:;L'O.bra#que#DICH#de#tots#CRIMS#es#mun.DA.da;4;0;0;5;0;0;4;0;0;5;10;1;4+6;;8;[2, 1, 1, 1, 1, 1, 1, 3];3;5.0;1001 001001;4005 004005;;Sw.w.S.w.w.S.w.wSw|
Antoni Vallmanya;Vallmanya, Antoni;1429;1490;;Barcelona;central;;;Poesies;;False;;2.txt;78; pot esser prest e l'haver augmentat,;POT#es.ser#PREST#e#l'ha.VER#aug.men.TAT;3;0;1;5;0;0;3;0;0;5;10;0;4+6;;6;[1, 2, 1, 1, 2, 3];3;3.0;1001 001001;3015 003005;;S.ww.S.w.wS.wwS|
Antoni Vallmanya;Vallmanya, Antoni;1429;1490;;Barcelona;central;;;Poesies;;False;;2.txt;79; els treballans de bona voluntat.;els#TRE.ba.LLANS#de#BO.na#VO.lun.TAT;0;2;0;5;0;4;0;2;0;5;10;0;4+6;;5;[1, 3, 1, 2, 3];2;3.0;0101 010101;0205 040205;;w.SwS.w.Sw.SwS|
Antoni Vallmanya;Vallmanya, Antoni;1429;1490;;Barcelona;central;;;Poesies;;False;;2.txt;80;" D'advenint temps no sab negú son fat;";D'AD.ve.nint#TEMPS#no#SAB#ne.GÚ#son#FAT;2;0;1;5;0;4;0;4;0;5;10;0;4+6;;7;[3, 1, 1, 1, 2, 1, 1];2;5.0;1001 010101;2015 040405;;Sww.S.w.S.wS.w.S|
Antoni Vallmanya;Vallmanya, Antoni;1429;1490;;Barcelona;central;;;Poesies;;False;;2.txt;81; que, per mort greu, sia jo dita fada,;que#PER#mort#GREU#SI.a#JO#di.ta#FA.da;0;2;1;5;4;0;2;0;0;5;10;1;4+6;;8;[1, 1, 1, 1, 2, 1, 2, 2];4;4.0;0101 101001;0215 402005;;w.S.w.S.Sw.S.ww.Sw|
Antoni Vallmanya;Vallmanya, Antoni;1429;1490;;Barcelona;central;;;Poesies;;False;;2.txt;82; sol en parlar, lo cor m'ha timorat,;SOL#en#par.LAR#lo#COR#m'ha#TI.mo.RAT;4;0;0;5;0;4;0;2;0;5;10;0;4+6;;7;[1, 1, 2, 1, 1, 1, 3];3;4.0;1001 010101;4005 040205;;S.w.wS.w.S.w.SwS|
Antoni Vallmanya;Vallmanya, Antoni;1429;1490;;Barcelona;central;;;Poesies;;False;;2.txt;83; en tant qu·eu visch en vida timorada.;en#TANT#queu#VISCH#en#VI.da#TI.mo.RA.da;0;2;1;5;0;4;0;2;0;5;10;1;4+6;;7;[1, 1, 1, 1, 1, 2, 4];4;3.0;0101 010101;0215 040205;;w.S.w.S.w.Sw.SwSw|
Antoni Vallmanya;Vallmanya, Antoni;1429;1490;;Barcelona;central;;;Poesies;;False;;2.txt;84; Del que 'pres deits, lo seny no m'ha spantat,;del#QUE'#pres#DEITS#lo#SENY#no#M'HA‿ES.pan.TAT;0;4;0;5;0;4;0;3;0;5;10;0;4+6;;9;[1, 1, 1, 1, 1, 1, 1, 1, 3];4;4.0;0101 010101;0405 040305;;w.S.w.S.w.S.w.SwS|
Antoni Vallmanya;Vallmanya, Antoni;1429;1490;;Barcelona;central;;;Poesies;;False;;2.txt;85;" car de tant poch no·m serie spantada;";CAR#de#tant#POCH#NO'M#se.RI.e‿es#pan.TA.da;4;0;0;5;4;0;4;0;0;5;10;1;4+6;;7;[1, 1, 1, 1, 1, 3, 3];4;3.0;1001 101001;4005 404005;;S.w.w.S.S.wSw.wSw|
Antoni Vallmanya;Vallmanya, Antoni;1429;1490;;Barcelona;central;;;Poesies;;False;;2.txt;86; viur' ab ell vull, que no·b lo mal punt nat;VIUR#ab#ell#VULL#que#NO'#lo#MAL#punt#NAT;4;0;0;5;0;4;0;4;0;5;10;0;4+6;;10;[1, 1, 1, 1, 1, 1, 1, 1, 1, 1];4;6.0;1001 010101;4005 040405;;S.w.w.S.w.S.w.S.w.S|
Antoni Vallmanya;Vallmanya, Antoni;1429;1490;;Barcelona;central;;;Poesies;;False;;2.txt;87; qui sens raó batrà la mal punt nada,;qui#SENS#ra.Ó#ba.TRÀ#la#MAL#punt#NA.da;0;3;0;5;0;4;0;4;0;5;10;1;4+6;;8;[1, 1, 2, 2, 1, 1, 1, 2];3;5.0;0101 010101;0305 040405;;w.S.wS.wS.w.S.w.Sw|
Antoni Vallmanya;Vallmanya, Antoni;1429;1490;;Barcelona;central;;;Poesies;;False;;2.txt;88; tot jorn serà quant vindrà de jugar,;tot#JORN#se.RÀ#QUANT#vin.DRÀ#de#ju.GAR;0;4;0;5;4;0;4;0;0;5;10;0;4+6;;7;[1, 1, 2, 1, 2, 1, 2];3;4.0;0101 101001;0405 404005;;w.S.wS.S.wS.w.wS|
Antoni Vallmanya;Vallmanya, Antoni;1429;1490;;Barcelona;central;;;Poesies;;False;;2.txt;89; avent perdut, l'ome, vil baçallar.;a.VENT#per.DUT#L'O.me#VIL#ba.ça.LLAR;0;4;0;5;4;0;4;0;0;5;10;0;4+6;;5;[2, 2, 2, 1, 3];2;3.0;0101 101001;0405 404005;;wS.wS.Sw.S.wwS|
Antoni Vallmanya;Vallmanya, Antoni;1429;1490;;Barcelona;central;;;Poesies;;False;;2.txt;90;" Naturalment abans mor lo cascat;";na.TU.ral.MENT#a.bans#MOR#lo#cas.CAT;0;2;0;5;0;1;4;0;0;5;10;0;4+6;;5;[4, 2, 1, 1, 2];1;4.0;0101 001001;0205 014005;;wSwS.ww.S.w.wS|
Antoni Vallmanya;Vallmanya, Antoni;1429;1490;;Barcelona;central;;;Poesies;;False;;2.txt;91; ffiant d'açò, soportau ser cascada,;fi.ANT#d'a.ÇÒ#so.por.TAU#ser#cas.CA.da;0;4;0;5;0;0;4;0;0;5;10;1;4+6;;5;[2, 2, 3, 1, 3];2;3.0;0101 001001;0405 004005;;wS.wS.wwS.w.wSw|
Antoni Vallmanya;Vallmanya, Antoni;1429;1490;;Barcelona;central;;;Poesies;;False;;2.txt;92; car, tant per tant, vuy és molt pus orat;CAR#tant#per#TANT#VUY#és#molt#PUS#o.RAT;4;1;0;5;4;0;0;4;0;5;10;0;4+6;;9;[1, 1, 1, 1, 1, 1, 1, 1, 2];4;5.0;1001 100101;4105 400405;;S.w.w.S.S.w.w.S.wS|
Antoni Vallmanya;Vallmanya, Antoni;1429;1490;;Barcelona;central;;;Poesies;;False;;2.txt;93; l'om envellit ab la testa orada:;L'OM#en.ve.LLIT#ab#la#TES.ta#o.RA.da;4;0;0;5;0;0;4;0;0;5;10;1;4+6;;6;[1, 3, 1, 1, 2, 3];2;4.0;1001 001001;4005 004005;;S.wwS.w.w.Sw.wSw|
Antoni Vallmanya;Vallmanya, Antoni;1429;1490;;Barcelona;central;;;Poesies;;False;;2.txt;94; per esser veyll no·l veureu absentat;PER#es.ser#VEYLL#NO'L#veu.REU#ab.sen.TAT;2;0;1;5;4;0;4;0;0;5;10;0;4+6;;6;[1, 2, 1, 1, 2, 3];3;3.0;1001 101001;2015 404005;;S.ww.S.S.wS.wwS|
Antoni Vallmanya;Vallmanya, Antoni;1429;1490;;Barcelona;central;;;Poesies;;False;;2.txt;95; de vicis leigs, sa vida no 'bsentada,;de#VI.cis#LEIGS#sa#VI.da#NO'#bsen.TA.da;0;4;0;5;0;4;0;3;0;5;10;1;4+6;;7;[1, 2, 1, 1, 2, 1, 3];3;4.0;0101 010101;0405 040305;;w.Sw.S.w.Sw.S.wSw|
Antoni Vallmanya;Vallmanya, Antoni;1429;1490;;Barcelona;central;;;Poesies;;False;;2.txt;96; e si pensau sol traure·n lo dotat,;e#SI#pen.SAU#sol#TRAU.re'n#LO#do.TAT;0;2;0;5;0;4;0;2;0;5;10;0;4+6;;7;[1, 1, 2, 1, 2, 1, 2];3;4.0;0101 010101;0205 040205;;w.S.wS.w.Sw.S.wS|
Antoni Vallmanya;Vallmanya, Antoni;1429;1490;;Barcelona;central;;;Poesies;;False;;2.txt;97; bé puch jurar no li sereu dotada.;BÉ#puch#ju.RAR#no#LI#se.REU#do.TA.da;4;1;0;5;0;2;0;3;0;5;10;1;4+6;;7;[1, 1, 2, 1, 1, 2, 3];3;4.0;1001 010101;4105 020305;;S.w.wS.w.S.wS.wSw|
Antoni Vallmanya;Vallmanya, Antoni;1429;1490;;Barcelona;central;;;Poesies;;False;;2.txt;98; qui no són ferms, ans tost poden baxar,;qui#NO#són#FERMS#ans#TOST#po.DEN#ba.XAR;0;3;0;5;0;4;0;2;0;5;10;0;4+6;;8;[1, 1, 1, 1, 1, 1, 2, 2];4;4.0;0101 010101;0305 040205;;w.S.w.S.w.S.wS.wS|
Antoni Vallmanya;Vallmanya, Antoni;1429;1490;;Barcelona;central;;;Poesies;;False;;2.txt;99; com fortunals dels quals no·s deu fiar.;com#FOR.tu.NALS#dels#quals#NO'S#deu#fi.AR;0;2;0;5;0;0;4;0;0;5;10;0;4+6;;7;[1, 3, 1, 1, 1, 1, 2];2;5.0;0101 001001;0205 004005;;w.SwS.w.w.S.w.wS|
Antoni Vallmanya;Vallmanya, Antoni;1429;1490;;Barcelona;central;;;Poesies;;False;;2.txt;100; De vicis greus l'om jove stà fadat,;de#VI.cis#GREUS#l'om#JO.ve‿es#TÀ#fa.DAT;0;4;0;5;0;4;0;3;0;5;10;0;4+6;;7;[1, 2, 1, 1, 2, 1, 2];3;4.0;0101 010101;0405 040305;;w.Sw.S.w.Sw.S.wS|
Antoni Vallmanya;Vallmanya, Antoni;1429;1490;;Barcelona;central;;;Poesies;;False;;2.txt;101; per l'u dels quals l'arma ten mal fadada,;per#L'U#dels#QUALS#L'AR.ma#ten#MAL#fa.DA.da;0;2;0;5;4;0;1;4;0;5;10;1;4+6;;8;[1, 1, 1, 1, 2, 1, 1, 3];4;4.0;0101 100101;0205 401405;;w.S.w.S.Sw.w.S.wSw|
Antoni Vallmanya;Vallmanya, Antoni;1429;1490;;Barcelona;central;;;Poesies;;False;;2.txt;102; cubdiciant en bé ser avançat;cub.DI.ci.ANT#en#BÉ#ser#A.van.ÇAT;0;2;0;5;0;4;0;2;0;5;10;0;4+6;;5;[4, 1, 1, 1, 3];1;4.0;0101 010101;0205 040205;;wSwS.w.S.w.SwS|
Antoni Vallmanya;Vallmanya, Antoni;1429;1490;;Barcelona;central;;;Poesies;;False;;2.txt;103; dintre poch temps, mas no·b sort avançada.;DIN.tre#poch#TEMPS#mas#no'#SORT#a.van.ÇA.da;3;0;1;5;0;1;4;0;0;5;10;1;4+6;;7;[2, 1, 1, 1, 1, 1, 4];3;4.0;1001 001001;3015 014005;;Sw.w.S.w.w.S.wwSw|
Antoni Vallmanya;Vallmanya, Antoni;1429;1490;;Barcelona;central;;;Poesies;;False;;2.txt;104; Per un gran obs serà cohenquinat;per#UN#gran#OBS#se.RÀ#co.HEN.qui.NAT;0;3;0;5;0;3;0;2;0;5;10;0;4+6;;6;[1, 1, 1, 1, 2, 4];4;2.0;0101 010101;0305 030205;;w.S.w.S.wS.wSwS|
Antoni Vallmanya;Vallmanya, Antoni;1429;1490;;Barcelona;central;;;Poesies;;False;;2.txt;105;" en bens furtar per la cohenquinada;";en#BENS#fur.TAR#per#LA#co.HEN.qui.NA.da;0;4;0;5;0;2;0;2;0;5;10;1;4+6;;6;[1, 1, 2, 1, 1, 5];3;3.0;0101 010101;0405 020205;;w.S.wS.w.S.wSwSw|
Antoni Vallmanya;Vallmanya, Antoni;1429;1490;;Barcelona;central;;;Poesies;;False;;2.txt;106; per molts mesters viurà desesperat,;per#MOLTS#mes.TERS#viu.RÀ#de.SES.pe.RAT;0;2;0;5;0;4;0;2;0;5;10;0;4+6;;5;[1, 1, 2, 2, 4];3;2.0;0101 010101;0205 040205;;w.S.wS.wS.wSwS|
Antoni Vallmanya;Vallmanya, Antoni;1429;1490;;Barcelona;central;;;Poesies;;False;;2.txt;107; ffent treballar la ffort desesperada,;FENT#tre.ba.LLAR#la#FFORT#de.SES.pe.RA.da;4;0;0;5;0;4;0;2;0;5;10;1;4+6;;5;[1, 3, 1, 1, 5];2;3.0;1001 010101;4005 040205;;S.wwS.w.S.wSwSw|
Antoni Vallmanya;Vallmanya, Antoni;1429;1490;;Barcelona;central;;;Poesies;;False;;2.txt;108; ab gemechs, plants, tindrà per son deport,;AB#ge.mechs#PLANTS#tin.DRÀ#per#SON#de.PORT;2;0;1;5;0;4;0;2;0;5;10;0;4+6;;7;[1, 2, 1, 2, 1, 1, 2];3;4.0;1001 010101;2015 040205;;S.ww.S.wS.w.S.wS|
Antoni Vallmanya;Vallmanya, Antoni;1429;1490;;Barcelona;central;;;Poesies;;False;;2.txt;109; de tot açà puch yo pendre conort.;de#TOT#a.ÇÀ#PUCH#yo#PEN.dre#co.NORT;0;2;0;5;4;0;4;0;0;5;10;0;4+6;;7;[1, 1, 2, 1, 1, 2, 2];3;4.0;0101 101001;0205 404005;;w.S.wS.S.w.Sw.wS|
Antoni Vallmanya;Vallmanya, Antoni;1429;1490;;Barcelona;central;;;Poesies;;False;;2.txt;110; Per lo qu·he dit lo jov' és desliurat,;per#LO#qu'he#DIT#lo#JOV#és#DES.liu.RAT;0;2;1;5;0;4;0;2;0;5;10;0;4+6;;8;[1, 1, 1, 1, 1, 1, 1, 3];4;4.0;0101 010101;0215 040205;;w.S.w.S.w.S.w.SwS|
Antoni Vallmanya;Vallmanya, Antoni;1429;1490;;Barcelona;central;;;Poesies;;False;;2.txt;111;" car senectut de crims no·s desliurada;";CAR#se.nec.TUT#de#crims#NO'S#des.liu.RA.da;4;0;0;5;0;1;4;0;0;5;10;1;4+6;;6;[1, 3, 1, 1, 1, 4];2;4.0;1001 001001;4005 014005;;S.wwS.w.w.S.wwSw|
Antoni Vallmanya;Vallmanya, Antoni;1429;1490;;Barcelona;central;;;Poesies;;False;;2.txt;112; àrbitres bons fan lo flach prosperat:;ÀR.bi.tres#BONS#FAN#lo#FLACH#pros.pe.RAT;4;0;0;5;4;0;4;0;0;5;10;0;4+6;;6;[3, 1, 1, 1, 1, 3];2;4.0;1001 101001;4005 404005;;Sww.S.S.w.S.wwS|
Antoni Vallmanya;Vallmanya, Antoni;1429;1490;;Barcelona;central;;;Poesies;;False;;2.txt;113; Deu permetent, ssareu desprosperada.;DEU#per.me.TENT#ssa.REU#des.PROS.pe.RA.da;3;0;0;5;0;4;0;2;0;5;10;1;4+6;;4;[1, 3, 2, 5];2;2.0;1001 010101;3005 040205;;S.wwS.wS.wSwSw|
Antoni Vallmanya;Vallmanya, Antoni;1429;1490;;Barcelona;central;;;Poesies;;False;;2.txt;114; Mas tot jorn veig lo rich qu·ha malguanyat;MAS#tot#jorn#VEIG#lo#RICH#qu'ha#MAL.gua.NYAT;4;0;1;5;0;4;0;2;0;5;10;0;4+6;;8;[1, 1, 1, 1, 1, 1, 1, 3];4;4.0;1001 010101;4015 040205;;S.w.w.S.w.S.w.SwS|
Antoni Vallmanya;Vallmanya, Antoni;1429;1490;;Barcelona;central;;;Poesies;;False;;2.txt;115;" empobrir-se, pus coss' és mal guanyada;";em.po.BRIR#se#pus#COSS#és#MAL#gua.NYA.da;0;0;4;0;1;5;0;4;0;5;10;1;6+4;;7;[3, 1, 1, 1, 1, 1, 3];4;3.0;001001 0101;004015 0405;;wwS.w.w.S.w.S.wSw|
Antoni Vallmanya;Vallmanya, Antoni;1429;1490;;Barcelona;central;;;Poesies;;False;;2.txt;116; si no lexau tal camí seperat, ;si#NO#le.XAU#tal#ca.MÍ#se.pe.RAT;0;3;0;5;0;0;4;0;0;5;10;0;4+6;;6;[1, 1, 2, 1, 2, 3];3;3.0;0101 001001;0305 004005;;w.S.wS.w.wS.wwS|
Antoni Vallmanya;Vallmanya, Antoni;1429;1490;;Barcelona;central;;;Poesies;;False;;2.txt;117; del goig dels cels viviu molt seperada:;del#GOIG#dels#CELS#vi.VIU#molt#SE.pe.RA.da;0;4;0;5;0;4;0;2;0;5;10;1;4+6;;7;[1, 1, 1, 1, 2, 1, 4];4;3.0;0101 010101;0405 040205;;w.S.w.S.wS.w.SwSw|
Antoni Vallmanya;Vallmanya, Antoni;1429;1490;;Barcelona;central;;;Poesies;;False;;2.txt;118; sia per vós la via del bon port,;SI.a#per#VÓS#la#VI.a#DEL#bon#PORT;4;0;0;5;0;4;0;2;1;5;10;0;4+6;;8;[2, 1, 1, 1, 2, 1, 1, 1];3;5.0;1001 010101;4005 040215;;Sw.w.S.w.Sw.S.w.S|
Antoni Vallmanya;Vallmanya, Antoni;1429;1490;;Barcelona;central;;;Poesies;;False;;2.txt;119; l'altra jaquint, qui·ns du·n aterna mort.;L'AL.tra#ja.QUINT#qui'ns#DU'N#a.TER.na#MORT;3;0;0;5;0;4;0;4;0;5;10;0;4+6;;6;[2, 2, 1, 1, 3, 1];2;4.0;1001 010101;3005 040405;;Sw.wS.w.S.wSw.S|
Antoni Vallmanya;Vallmanya, Antoni;1429;1490;;Barcelona;central;;;Poesies;;False;;2.txt;120; A, com vos veig ja de raó lunyat,;A#com#vos#VEIG#ja#DE#ra.Ó#lu.NYAT;2;0;0;5;0;2;0;4;0;5;10;0;4+6;;8;[1, 1, 1, 1, 1, 1, 2, 2];4;4.0;1001 010101;2005 020405;;S.w.w.S.w.S.wS.wS|
Antoni Vallmanya;Vallmanya, Antoni;1429;1490;;Barcelona;central;;;Poesies;;False;;2.txt;121; de la qual jo un pas no·m só lunyada!;de#LA#qual#JO#un#PAS#no'm#SÓ#lu.NYA.da;0;2;0;5;0;2;1;4;0;5;10;1;4+6;;9;[1, 1, 1, 1, 1, 1, 1, 1, 3];4;5.0;0101 010101;0205 021405;;w.S.w.S.w.S.w.S.wSw|
Antoni Vallmanya;Vallmanya, Antoni;1429;1490;;Barcelona;central;;;Poesies;;False;;2.txt;122; Lo gran Senyor que m'havets allegat;lo#GRAN#se.NYOR#que#m'ha.VETS#a.lle.GAT;0;4;0;5;0;0;3;0;0;5;10;0;4+6;;6;[1, 1, 2, 1, 2, 3];3;3.0;0101 001001;0405 003005;;w.S.wS.w.wS.wwS|
Antoni Vallmanya;Vallmanya, Antoni;1429;1490;;Barcelona;central;;;Poesies;;False;;2.txt;123; ab sa mercé o pot ffer, no 'llegada.;ab#SA#mer.CÉ#o#POT#ffer#NO'#lle.GA.da;0;2;0;5;0;3;0;4;0;5;10;1;4+6;;8;[1, 1, 2, 1, 1, 1, 1, 3];3;5.0;0101 010101;0205 030405;;w.S.wS.w.S.w.S.wSw|
Antoni Vallmanya;Vallmanya, Antoni;1429;1490;;Barcelona;central;;;Poesies;;False;;2.txt;124; Pobretat és un grau vil, reprovat,;PO.bre.tat#ÉS#un#grau#VIL#re.pro.VAT;2;0;1;5;0;1;4;0;0;5;10;0;4+6;;6;[3, 1, 1, 1, 1, 3];2;4.0;1001 001001;2015 014005;;Sww.S.w.w.S.wwS|
Antoni Vallmanya;Vallmanya, Antoni;1429;1490;;Barcelona;central;;;Poesies;;False;;2.txt;125; de gran virtut nemiga reprovada:;de#GRAN#vir.TUT#ne.MI.ga#RE.pro.VA.da;0;4;0;5;0;4;0;2;0;5;10;1;4+6;;5;[1, 1, 2, 3, 4];3;2.0;0101 010101;0405 040205;;w.S.wS.wSw.SwSw|
Antoni Vallmanya;Vallmanya, Antoni;1429;1490;;Barcelona;central;;;Poesies;;False;;2.txt;126; aquesta ffa, en hun punt no pensat,;a.QUES.ta#FFA#en#hun#PUNT#no#pen.SAT;0;3;0;5;0;1;4;0;0;5;10;0;4+6;;7;[3, 1, 1, 1, 1, 1, 2];2;5.0;0101 001001;0305 014005;;wSw.S.w.w.S.w.wS|
Antoni Vallmanya;Vallmanya, Antoni;1429;1490;;Barcelona;central;;;Poesies;;False;;2.txt;127; la castedat perdr' eb sort no pensada:;la#CAS.te.DAT#PERDR#eb#SORT#no#pen.SA.da;0;2;0;5;4;0;4;0;0;5;10;1;4+6;;7;[1, 3, 1, 1, 1, 1, 3];2;5.0;0101 101001;0205 404005;;w.SwS.S.w.S.w.wSw|
Antoni Vallmanya;Vallmanya, Antoni;1429;1490;;Barcelona;central;;;Poesies;;False;;2.txt;128; per ço viurà axí públicament,;per#ÇO#viu.RÀ#a.XÍ#pú.BLI.ca.MENT;0;2;0;5;0;4;0;2;0;5;10;0;4+6;;5;[1, 1, 2, 2, 4];3;2.0;0101 010101;0205 040205;;w.S.wS.wS.wSwS|
Antoni Vallmanya;Vallmanya, Antoni;1429;1490;;Barcelona;central;;;Poesies;;False;;2.txt;129; e yo·b florins, casta, honradament.;e#YO'#flo.RINS#CAS.ta#hon.RA.da.MENT;0;4;0;5;4;0;0;2;0;5;10;0;4+6;;5;[1, 1, 2, 2, 4];4;1.0;0101 100101;0405 400205;;w.S.wS.Sw.wSwS|
Antoni Vallmanya;Vallmanya, Antoni;1429;1490;;Barcelona;central;;;Poesies;;False;;2.txt;130; De vós puch dir ço d'on so inculpat:;de#VÓS#puch#DIR#ço#d'on#SO#in.cul.PAT;0;4;0;5;0;0;4;0;0;5;10;0;4+6;;8;[1, 1, 1, 1, 1, 1, 1, 3];4;4.0;0101 001001;0405 004005;;w.S.w.S.w.w.S.wwS|
Antoni Vallmanya;Vallmanya, Antoni;1429;1490;;Barcelona;central;;;Poesies;;False;;2.txt;131; ab títol just podeu ser inculpada,;ab#TÍ.tol#JUST#po.deu#SER#in.cul.PA.da;0;4;0;5;0;1;3;0;0;5;10;1;4+6;;6;[1, 2, 1, 2, 1, 4];3;3.0;0101 001001;0405 013005;;w.Sw.S.ww.S.wwSw|
Antoni Vallmanya;Vallmanya, Antoni;1429;1490;;Barcelona;central;;;Poesies;;False;;2.txt;132; car, si pensau Déu com ha ordenat;CAR#si#pen.SAU#déu#com#HA#or.de.NAT;4;0;0;5;0;0;3;0;0;5;10;0;4+6;;7;[1, 1, 2, 1, 1, 1, 3];3;4.0;1001 001001;4005 003005;;S.w.wS.w.w.S.wwS|
Antoni Vallmanya;Vallmanya, Antoni;1429;1490;;Barcelona;central;;;Poesies;;False;;2.txt;133; lo sant aplech e sa fi hordenada,;lo#SANT#a.PLECH#e#sa#FI#hor.de.NA.da;0;4;0;5;0;0;4;0;0;5;10;1;4+6;;7;[1, 1, 2, 1, 1, 1, 4];3;4.0;0101 001001;0405 004005;;w.S.wS.w.w.S.wwSw|
Antoni Vallmanya;Vallmanya, Antoni;1429;1490;;Barcelona;central;;;Poesies;;False;;2.txt;134; conaxareu vostre fet és malvat,;co.NA.xa.REU#vos.tre#FET#és#mal.VAT;0;2;0;5;0;0;4;0;0;5;10;0;4+6;;5;[4, 2, 1, 1, 2];1;4.0;0101 001001;0205 004005;;wSwS.ww.S.w.wS|
Antoni Vallmanya;Vallmanya, Antoni;1429;1490;;Barcelona;central;;;Poesies;;False;;2.txt;135; superbiós, d'intenció malvada.;su.PER.bi.ÓS#d'in.TEN.ci.Ó#mal.VA.da;0;2;0;5;0;2;0;4;0;5;10;1;4+6;;3;[4, 4, 3];1;2.0;0101 010101;0205 020405;;wSwS.wSwS.wSw|
Antoni Vallmanya;Vallmanya, Antoni;1429;1490;;Barcelona;central;;;Poesies;;False;;2.txt;136;" Grau de virtut en pobre s'és mostrat;";GRAU#de#vir.TUT#en#PO.bre#S'ÉS#mos.TRAT;4;0;0;5;0;4;0;3;0;5;10;0;4+6;;7;[1, 1, 2, 1, 2, 1, 2];3;4.0;1001 010101;4005 040305;;S.w.wS.w.Sw.S.wS|
Antoni Vallmanya;Vallmanya, Antoni;1429;1490;;Barcelona;central;;;Poesies;;False;;2.txt;137; bona muller lavors és clar mostrada,;BO.na#mu.LLER#la.VORS#és#CLAR#mos.TRA.da;4;0;0;5;0;4;0;4;0;5;10;1;4+6;;6;[2, 2, 2, 1, 1, 3];2;4.0;1001 010101;4005 040405;;Sw.wS.wS.w.S.wSw|
Antoni Vallmanya;Vallmanya, Antoni;1429;1490;;Barcelona;central;;;Poesies;;False;;2.txt;138; compte levant, pus ajau bastament,;COMP.te#le.VANT#PUS#a.JAU#bas.ta.MENT;4;0;0;5;4;0;4;0;0;5;10;0;4+6;;5;[2, 2, 1, 2, 3];2;3.0;1001 101001;4005 404005;;Sw.wS.S.wS.wwS|
Antoni Vallmanya;Vallmanya, Antoni;1429;1490;;Barcelona;central;;;Poesies;;False;;2.txt;139; bé trobareu algun dispost plasent.;BÉ#tro.ba.REU#al.GUN#dis.POST#pla.SENT;4;0;0;5;0;2;0;4;0;5;10;0;4+6;;5;[1, 3, 2, 2, 2];2;3.0;1001 010101;4005 020405;;S.wwS.wS.wS.wS|
Antoni Vallmanya;Vallmanya, Antoni;1429;1490;;Barcelona;central;;;Poesies;;False;;2.txt;140; Casta vivint, com vos he jo smentat,;CAS.ta#vi.VINT#com#vos#HE#jo‿es.men.TAT;4;0;0;5;0;0;3;0;0;5;10;0;4+6;;7;[2, 2, 1, 1, 1, 1, 3];2;4.0;1001 001001;4005 003005;;Sw.wS.w.w.S.wwS|
Antoni Vallmanya;Vallmanya, Antoni;1429;1490;;Barcelona;central;;;Poesies;;False;;2.txt;141; plena de bens puch esser jo smentada,;PLE.na#de#BENS#puch#es.SER#jo‿es.men.TA.da;4;0;0;5;0;0;3;0;0;5;10;1;4+6;;7;[2, 1, 1, 1, 2, 1, 4];3;3.0;1001 001001;4005 003005;;Sw.w.S.w.wS.wwSw|
Antoni Vallmanya;Vallmanya, Antoni;1429;1490;;Barcelona;central;;;Poesies;;False;;2.txt;142;" ceptre portar de cors molt abonat;";CEP.tre#por.TAR#de#CORS#molt#A.bo.NAT;4;0;0;5;0;4;0;2;0;5;10;0;4+6;;6;[2, 2, 1, 1, 1, 3];2;4.0;1001 010101;4005 040205;;Sw.wS.w.S.w.SwS|
Antoni Vallmanya;Vallmanya, Antoni;1429;1490;;Barcelona;central;;;Poesies;;False;;2.txt;143; ffent bens a molts, mils seré abonada,;fent#BENS#a#MOLTS#MILS#se.RÉ#a.bo.NA.da;0;4;0;5;4;0;3;0;0;5;10;1;4+6;;7;[1, 1, 1, 1, 1, 2, 4];4;3.0;0101 101001;0405 403005;;w.S.w.S.S.wS.wwSw|
Antoni Vallmanya;Vallmanya, Antoni;1429;1490;;Barcelona;central;;;Poesies;;False;;2.txt;144; e si tinch ffill, sseré bé collocat,;e#SI#tinch#FFILL#sse.ré#BÉ#co.llo.CAT;0;2;1;5;0;1;4;0;0;5;10;0;4+6;;7;[1, 1, 1, 1, 2, 1, 3];4;3.0;0101 001001;0215 014005;;w.S.w.S.ww.S.wwS|
Antoni Vallmanya;Vallmanya, Antoni;1429;1490;;Barcelona;central;;;Poesies;;False;;2.txt;145;" e·n bona part ma filla collocada;";e'n#BO.na#PART#ma#FI.lla#CO.llo.CA.da;0;4;0;5;0;4;0;2;0;5;10;1;4+6;;6;[1, 2, 1, 1, 2, 4];3;3.0;0101 010101;0405 040205;;w.Sw.S.w.Sw.SwSw|
Antoni Vallmanya;Vallmanya, Antoni;1429;1490;;Barcelona;central;;;Poesies;;False;;2.txt;146; almoynes fent,, lo goig auré guanyat;al.MOY.nes#FENT#lo#GOIG#au.RÉ#gua.NYAT;0;4;0;5;0;4;0;4;0;5;10;0;4+6;;6;[3, 1, 1, 1, 2, 2];2;4.0;0101 010101;0405 040405;;wSw.S.w.S.wS.wS|
Antoni Vallmanya;Vallmanya, Antoni;1429;1490;;Barcelona;central;;;Poesies;;False;;2.txt;147;" de paradís e glòria guanyada;";de#PA.ra.DÍS#e#GLÒ.ri.A#gua.NYA.da;0;2;0;5;0;4;0;2;0;5;10;1;4+6;;5;[1, 3, 1, 3, 3];2;3.0;0101 010101;0205 040205;;w.SwS.w.SwS.wSw|
Antoni Vallmanya;Vallmanya, Antoni;1429;1490;;Barcelona;central;;;Poesies;;False;;2.txt;148; ab un tecany, per pobresa qu' haura,;ab#UN#te.CANY#per#po.BRE.sa#qu.HAU.ra;0;3;0;5;0;0;4;0;0;5;10;1;4+6;;6;[1, 1, 2, 1, 3, 3];3;3.0;0101 001001;0305 004005;;w.S.wS.w.wSw.wSw|
Antoni Vallmanya;Vallmanya, Antoni;1429;1490;;Barcelona;central;;;Poesies;;False;;2.txt;149; qui·n loch publich la vida guanyarà.;qui'n#LOCH#pu.BLICH#la#VI.da#GUA.nya.RÀ;0;4;0;5;0;4;0;2;0;5;10;0;4+6;;6;[1, 1, 2, 1, 2, 3];3;3.0;0101 010101;0405 040205;;w.S.wS.w.Sw.SwS|
Antoni Vallmanya;Vallmanya, Antoni;1429;1490;;Barcelona;central;;;Poesies;;False;;2.txt;150; Vostre perlar, granment sofosticat,;VOS.tre#per.LAR#gran.MENT#so.FOS.ti.CAT;3;0;0;5;0;4;0;2;0;5;10;0;4+6;;4;[2, 2, 2, 4];2;2.0;1001 010101;3005 040205;;Sw.wS.wS.wSwS|
Antoni Vallmanya;Vallmanya, Antoni;1429;1490;;Barcelona;central;;;Poesies;;False;;2.txt;151; mostre bé·n vós rahó sofisticada:;MOS.tre#bé'n#VÓS#ra.HÓ#so.FIS.ti.CA.da;4;0;1;5;0;4;0;2;0;5;10;1;4+6;;5;[2, 1, 1, 2, 5];3;2.0;1001 010101;4015 040205;;Sw.w.S.wS.wSwSw|
Antoni Vallmanya;Vallmanya, Antoni;1429;1490;;Barcelona;central;;;Poesies;;False;;2.txt;152;" l'ergument fet damunt ja l'he soltat;";L'ER.gu.ment#FET#da.MUNT#ja#L'HE#sol.TAT;2;0;1;5;0;3;0;3;0;5;10;0;4+6;;6;[3, 1, 2, 1, 1, 2];2;4.0;1001 010101;2015 030305;;Sww.S.wS.w.S.wS|
Antoni Vallmanya;Vallmanya, Antoni;1429;1490;;Barcelona;central;;;Poesies;;False;;2.txt;153; riquesa gran pot ser per crims soltada,;ri.QUE.sa#GRAN#pot#SER#per#CRIMS#sol.TA.da;0;4;0;5;0;3;0;4;0;5;10;1;4+6;;7;[3, 1, 1, 1, 1, 1, 3];2;5.0;0101 010101;0405 030405;;wSw.S.w.S.w.S.wSw|
Antoni Vallmanya;Vallmanya, Antoni;1429;1490;;Barcelona;central;;;Poesies;;False;;2.txt;154; e·l pobr' humil per Déu és axalçat;e'l#POBR#hu.MIL#per#DÉU#és#A.xal.ÇAT;0;4;0;5;0;4;0;2;0;5;10;0;4+6;;7;[1, 1, 2, 1, 1, 1, 3];3;4.0;0101 010101;0405 040205;;w.S.wS.w.S.w.SwS|
Antoni Vallmanya;Vallmanya, Antoni;1429;1490;;Barcelona;central;;;Poesies;;False;;2.txt;155; e·n un moment sa cas' és exalçada.;e'n#UN#mo.MENT#sa#CAS#és#EX.al.ÇA.da;0;3;0;5;0;4;0;2;0;5;10;1;4+6;;7;[1, 1, 2, 1, 1, 1, 4];3;4.0;0101 010101;0305 040205;;w.S.wS.w.S.w.SwSw|
Antoni Vallmanya;Vallmanya, Antoni;1429;1490;;Barcelona;central;;;Poesies;;False;;2.txt;156; Lo rich qu'és vell no us serà companyat;lo#RICH#qués#VELL#no‿us#se.RÀ#com.pa.NYAT;0;4;0;5;0;0;3;0;0;5;10;0;4+6;;8;[1, 1, 1, 1, 1, 1, 2, 3];4;3.0;0101 001001;0405 003005;;w.S.w.S.w.wS.wwS|
Antoni Vallmanya;Vallmanya, Antoni;1429;1490;;Barcelona;central;;;Poesies;;False;;2.txt;157; sinó poch temps, jo mal acompenyada!;si.NÓ#poch#TEMPS#jo#MAL#a.COM.pe.NYA.da;0;4;0;5;0;4;0;2;0;5;10;1;4+6;;6;[2, 1, 1, 1, 1, 5];3;3.0;0101 010101;0405 040205;;wS.w.S.w.S.wSwSw|
Antoni Vallmanya;Vallmanya, Antoni;1429;1490;;Barcelona;central;;;Poesies;;False;;2.txt;158; car bé·s dit rich lo content del que ha.;CAR#bé's#dit#RICH#lo#con.TENT#del#que#HA;4;0;1;5;0;0;4;0;0;5;10;0;4+6;;9;[1, 1, 1, 1, 1, 2, 1, 1, 1];4;5.0;1001 001001;4015 004005;;S.w.w.S.w.wS.w.w.S|
Antoni Vallmanya;Vallmanya, Antoni;1429;1490;;Barcelona;central;;;Poesies;;False;;2.txt;159; En vostre dir conech que sou cansat;en#VOS.tre#DIR#co.NECH#que#SOU#can.SAT;0;3;0;5;0;4;0;4;0;5;10;0;4+6;;7;[1, 2, 1, 2, 1, 1, 2];3;4.0;0101 010101;0305 040405;;w.Sw.S.wS.w.S.wS|
Antoni Vallmanya;Vallmanya, Antoni;1429;1490;;Barcelona;central;;;Poesies;;False;;2.txt;160; (de mi us fas cert may serie cansada),;de#MI‿US#fas#CERT#MAY#se.RI.e#can.SA.da;0;2;1;5;4;0;4;0;0;5;10;1;4+6;;8;[1, 1, 1, 1, 1, 1, 3, 3];4;3.0;0101 101001;0215 404005;;w.S.w.S.S.wSw.wSw|
Antoni Vallmanya;Vallmanya, Antoni;1429;1490;;Barcelona;central;;;Poesies;;False;;2.txt;161;" car ja us serviu d'argument replicat;";CAR#ja‿us#ser.VIU#d'ar.gu.MENT#re.pli.CAT;4;1;0;5;0;0;4;0;0;5;10;0;4+6;;6;[1, 1, 1, 2, 3, 3];3;2.0;1001 001001;4105 004005;;S.w.wS.wwS.wwS|
Antoni Vallmanya;Vallmanya, Antoni;1429;1490;;Barcelona;central;;;Poesies;;False;;2.txt;162; una raó may jo us he replicada,;U.na#ra.Ó#may#jo‿us#HE#re.pli.CA.da;3;0;0;5;0;0;3;0;0;5;10;1;4+6;;7;[2, 2, 1, 1, 1, 1, 4];2;4.0;1001 001001;3005 003005;;Sw.wS.w.w.S.wwSw|
Antoni Vallmanya;Vallmanya, Antoni;1429;1490;;Barcelona;central;;;Poesies;;False;;2.txt;163; per què mon seny ha ja desliberat,;per#QUÈ#mon#SENY#ha#JA#des.LI.be.RAT;0;3;0;5;0;3;0;2;0;5;10;0;4+6;;7;[1, 1, 1, 1, 1, 1, 4];4;3.0;0101 010101;0305 030205;;w.S.w.S.w.S.wSwS|
Antoni Vallmanya;Vallmanya, Antoni;1429;1490;;Barcelona;central;;;Poesies;;False;;2.txt;164; e 'nsemps jo·b ell estich desliberada,;e'#NSEMPS#jo'#ELL#es.TICH#des.LI.be.RA.da;1;4;0;5;0;3;0;2;0;5;10;1;4+6;;6;[1, 1, 1, 1, 2, 5];5;1.0;0101 010101;1405 030205;;w.S.w.S.wS.wSwSw|
Antoni Vallmanya;Vallmanya, Antoni;1429;1490;;Barcelona;central;;;Poesies;;False;;2.txt;165; veure la fi ab cor molt animat;VEU.re#la#FI#ab#COR#molt#A.ni.MAT;4;0;0;5;0;4;0;2;0;5;10;0;4+6;;7;[2, 1, 1, 1, 1, 1, 3];3;4.0;1001 010101;4005 040205;;Sw.w.S.w.S.w.SwS|
Antoni Vallmanya;Vallmanya, Antoni;1429;1490;;Barcelona;central;;;Poesies;;False;;2.txt;166; de nostre cars, e·b maner' animada.;de#NOS.tre#CARS#e'#ma.NER#a.ni.MA.da;0;3;0;5;0;0;4;0;0;5;10;1;4+6;;6;[1, 2, 1, 1, 2, 4];3;3.0;0101 001001;0305 004005;;w.Sw.S.w.wS.wwSw|
Antoni Vallmanya;Vallmanya, Antoni;1429;1490;;Barcelona;central;;;Poesies;;False;;2.txt;167; vull sia prest, abans vuy que demà,;vull#SI.a#PREST#a.bans#VUY#que#de.MÀ;0;4;0;5;0;1;4;0;0;5;10;0;4+6;;7;[1, 2, 1, 2, 1, 1, 2];3;4.0;0101 001001;0405 014005;;w.Sw.S.ww.S.w.wS|
Antoni Vallmanya;Vallmanya, Antoni;1429;1490;;Barcelona;central;;;Poesies;;False;;2.txt;168; pel virtuós mossén Johan Boschà.;pel#VIR.tu.ÓS#mos.SÉN#jo.HAN#bosc.HÀ;0;2;0;5;0;4;0;4;0;5;10;0;4+6;;5;[1, 3, 2, 2, 2];2;3.0;0101 010101;0205 040405;;w.SwS.wS.wS.wS|
Antoni Vallmanya;Vallmanya, Antoni;1429;1490;;Barcelona;central;;;Poesies;;False;;2.txt;169; Ab sarraïns par ajau praticat,;ab#SAR.ra.ÏNS#PAR#a.JAU#pra.ti.CAT;0;2;0;5;4;0;4;0;0;5;10;0;4+6;;5;[1, 3, 1, 2, 3];2;3.0;0101 101001;0205 404005;;w.SwS.S.wS.wwS|
Antoni Vallmanya;Vallmanya, Antoni;1429;1490;;Barcelona;central;;;Poesies;;False;;2.txt;170;" tenint en fets lur secta praticada;";te.NINT#en#FETS#lur#SEC.ta#PRA.ti.CA.da;0;4;0;5;0;4;0;2;0;5;10;1;4+6;;6;[2, 1, 1, 1, 2, 4];3;3.0;0101 010101;0405 040205;;wS.w.S.w.Sw.SwSw|
Antoni Vallmanya;Vallmanya, Antoni;1429;1490;;Barcelona;central;;;Poesies;;False;;2.txt;171; vos replicau ço que us he derotat,;vos#RE.pli.CAU#ço#que‿us#HE#de.ro.TAT;0;2;0;5;0;0;3;0;0;5;10;0;4+6;;7;[1, 3, 1, 1, 1, 1, 3];2;4.0;0101 001001;0205 003005;;w.SwS.w.w.S.wwS|
Antoni Vallmanya;Vallmanya, Antoni;1429;1490;;Barcelona;central;;;Poesies;;False;;2.txt;172; tota color vos he yo derrotada,;TO.ta#co.LOR#vos#HE#yo#DER.ro.TA.da;3;0;0;5;0;3;0;2;0;5;10;1;4+6;;6;[2, 2, 1, 1, 1, 4];2;4.0;1001 010101;3005 030205;;Sw.wS.w.S.w.SwSw|
Antoni Vallmanya;Vallmanya, Antoni;1429;1490;;Barcelona;central;;;Poesies;;False;;2.txt;173; per què·b gran pler per mi es acceptat;per#QUÈ'#gran#PLER#per#MI#es#AC.cep.TAT;0;4;0;5;0;2;0;2;0;5;10;0;4+6;;8;[1, 1, 1, 1, 1, 1, 1, 3];5;3.0;0101 010101;0405 020205;;w.S.w.S.w.S.w.SwS|
Antoni Vallmanya;Vallmanya, Antoni;1429;1490;;Barcelona;central;;;Poesies;;False;;2.txt;174; lo juí del qual haveu vi' acceptada:;lo#ju.Í#del#QUAL#ha.veu#VI‿AC.cep.TA.da;0;0;4;0;5;0;1;4;0;5;10;1;5+5;;7;[1, 2, 1, 1, 2, 1, 4];4;2.0;00101 00101;00405 01405;;w.wS.w.S.ww.SwSw|
Antoni Vallmanya;Vallmanya, Antoni;1429;1490;;Barcelona;central;;;Poesies;;False;;2.txt;175; jur-vos ma fe granment fuy contentat;JUR#vos#ma#FE#gran.ment#FUY#con.ten.TAT;4;0;0;5;0;1;4;0;0;5;10;0;4+6;;7;[1, 1, 1, 1, 2, 1, 3];4;3.0;1001 001001;4005 014005;;S.w.w.S.ww.S.wwS|
Antoni Vallmanya;Vallmanya, Antoni;1429;1490;;Barcelona;central;;;Poesies;;False;;2.txt;176; l'ora que viu de tal sou contentada,;L'O.ra#que#VIU#de#tal#SOU#con.ten.TA.da;4;0;0;5;0;1;4;0;0;5;10;1;4+6;;7;[2, 1, 1, 1, 1, 1, 4];3;4.0;1001 001001;4005 014005;;Sw.w.S.w.w.S.wwSw|
Antoni Vallmanya;Vallmanya, Antoni;1429;1490;;Barcelona;central;;;Poesies;;False;;2.txt;177; mes, per ma part, adjunt dat-li serà;mes#PER#ma#PART#ad.junt#DAT#li#se.RÀ;0;2;0;5;0;1;4;0;0;5;10;0;4+6;;8;[1, 1, 1, 1, 2, 1, 1, 2];4;4.0;0101 001001;0205 014005;;w.S.w.S.ww.S.w.wS|
Antoni Vallmanya;Vallmanya, Antoni;1429;1490;;Barcelona;central;;;Poesies;;False;;2.txt;178; Mossén Boschà, pus sé que sots tocat;mos.SÉN#bosc.HÀ#pus#SÉ#que#SOTS#to.CAT;0;4;0;5;0;4;0;4;0;5;10;0;4+6;;7;[2, 2, 1, 1, 1, 1, 2];2;5.0;0101 010101;0405 040405;;wS.wS.w.S.w.S.wS|
Antoni Vallmanya;Vallmanya, Antoni;1429;1490;;Barcelona;central;;;Poesies;;False;;2.txt;179; del Gay Saber, jo qui no·n só tocada;del#GAY#sa.BER#jo#qui#NO'N#só#to.CA.da;0;4;0;5;0;0;4;0;0;5;10;1;4+6;;8;[1, 1, 2, 1, 1, 1, 1, 3];3;5.0;0101 001001;0405 004005;;w.S.wS.w.w.S.w.wSw|
Antoni Vallmanya;Vallmanya, Antoni;1429;1490;;Barcelona;central;;;Poesies;;False;;2.txt;180; vos fas uns prechs: per vós si' abrassat;vos#FAS#uns#PRECHS#per#VÓS#si#A.bras.SAT;0;4;0;5;0;4;0;2;0;5;10;0;4+6;;8;[1, 1, 1, 1, 1, 1, 1, 3];4;4.0;0101 010101;0405 040205;;w.S.w.S.w.S.w.SwS|
Antoni Vallmanya;Vallmanya, Antoni;1429;1490;;Barcelona;central;;;Poesies;;False;;2.txt;181; aquest meu cars, e ma part abrassada,;a.QUEST#meu#CARS#e#ma#PART#a.bras.SA.da;0;3;0;5;0;0;4;0;0;5;10;1;4+6;;7;[2, 1, 1, 1, 1, 1, 4];3;4.0;0101 001001;0305 004005;;wS.w.S.w.w.S.wwSw|
Antoni Vallmanya;Vallmanya, Antoni;1429;1490;;Barcelona;central;;;Poesies;;False;;2.txt;182; e que·l jutgeu ab cor molt repossat,;e#QUE'L#jut.GEU#ab#COR#molt#RE.pos.SAT;0;2;0;5;0;4;0;2;0;5;10;0;4+6;;7;[1, 1, 2, 1, 1, 1, 3];3;4.0;0101 010101;0205 040205;;w.S.wS.w.S.w.SwS|
Antoni Vallmanya;Vallmanya, Antoni;1429;1490;;Barcelona;central;;;Poesies;;False;;2.txt;183; dret mitjençant, car jo·n visch reposada,;DRET#mit.jen.ÇANT#CAR#jo'n#VISCH#re.po.SA.da;4;0;0;5;4;0;4;0;0;5;10;1;4+6;;6;[1, 3, 1, 1, 1, 4];2;4.0;1001 101001;4005 404005;;S.wwS.S.w.S.wwSw|
Antoni Vallmanya;Vallmanya, Antoni;1429;1490;;Barcelona;central;;;Poesies;;False;;2.txt;184; e mes per vós a mi si' asignat;E#mes#per#VÓS#a#MI#si#A.sig.NAT;2;0;0;5;0;2;0;2;0;5;10;0;4+6;;8;[1, 1, 1, 1, 1, 1, 1, 3];4;4.0;1001 010101;2005 020205;;S.w.w.S.w.S.w.SwS|
Antoni Vallmanya;Vallmanya, Antoni;1429;1490;;Barcelona;central;;;Poesies;;False;;2.txt;185; loch, die, temps e cert' hor' asignada,;loch#DI.e#TEMPS#e#cert#HOR#a.sig.NA.da;0;4;0;5;0;1;4;0;0;5;10;1;4+6;;7;[1, 2, 1, 1, 1, 1, 4];3;4.0;0101 001001;0405 014005;;w.Sw.S.w.w.S.wwSw|
Antoni Vallmanya;Vallmanya, Antoni;1429;1490;;Barcelona;central;;;Poesies;;False;;2.txt;186; per vós serà nostra tençó present,;per#VÓS#se.RÀ#nos.TRA#ten.ÇÓ#pre.SENT;0;4;0;5;0;2;0;4;0;5;10;0;4+6;;6;[1, 1, 2, 2, 2, 2];3;3.0;0101 010101;0405 020405;;w.S.wS.wS.wS.wS|
Antoni Vallmanya;Vallmanya, Antoni;1429;1490;;Barcelona;central;;;Poesies;;False;;2.txt;187; per talqu' hoir se pugua clarament.;per#TAL.qu‿ho#IR#se#PU.gua#CLA.ra.MENT;0;4;0;5;0;4;0;2;0;5;10;0;4+6;;6;[1, 2, 1, 1, 2, 3];3;3.0;0101 010101;0405 040205;;w.Sw.S.w.Sw.SwS|
Antoni Vallmanya;Vallmanya, Antoni;1429;1490;;Barcelona;central;;;Poesies;;False;;2.txt;188; Ab tot fins vuy no haj' axecutat;ab#TOT#fins#VUY#no#HAJ#a.XE.cu.TAT;0;2;1;5;0;4;0;2;0;5;10;0;4+6;;7;[1, 1, 1, 1, 1, 1, 4];4;3.0;0101 010101;0215 040205;;w.S.w.S.w.S.wSwS|
Antoni Vallmanya;Vallmanya, Antoni;1429;1490;;Barcelona;central;;;Poesies;;False;;2.txt;189; per vós null pler, ne fein' axecutada,;per#VÓS#null#PLER#ne#FEIN#a.XE.cu.TA.da;0;4;0;5;0;4;0;2;0;5;10;1;4+6;;7;[1, 1, 1, 1, 1, 1, 5];4;3.0;0101 010101;0405 040205;;w.S.w.S.w.S.wSwSw|
Antoni Vallmanya;Vallmanya, Antoni;1429;1490;;Barcelona;central;;;Poesies;;False;;2.txt;190; mossén Francí, segons és dalt narrat,;mos.SÉN#fran.CÍ#se.GONS#és#DALT#nar.RAT;0;4;0;5;0;4;0;4;0;5;10;0;4+6;;6;[2, 2, 2, 1, 1, 2];2;4.0;0101 010101;0405 040405;;wS.wS.wS.w.S.wS|
Antoni Vallmanya;Vallmanya, Antoni;1429;1490;;Barcelona;central;;;Poesies;;False;;2.txt;191; jutge us he pres en la causa narrada,;JUT.ge‿us#he#PRES#en#la#CAU.sa#nar.RA.da;4;0;1;5;0;0;4;0;0;5;10;1;4+6;;8;[2, 1, 1, 1, 1, 1, 2, 3];3;4.0;1001 001001;4015 004005;;Sw.w.S.w.w.Sw.wSw|
Antoni Vallmanya;Vallmanya, Antoni;1429;1490;;Barcelona;central;;;Poesies;;False;;2.txt;192; suplicant-vos a qui dret a menat;su.pli.CANT#vos#a#QUI#dret#A#me.NAT;0;0;4;0;0;5;0;2;0;5;10;0;6+4;;7;[3, 1, 1, 1, 1, 1, 2];4;3.0;001001 0101;004005 0205;;wwS.w.w.S.w.S.wS|
Antoni Vallmanya;Vallmanya, Antoni;1429;1490;;Barcelona;central;;;Poesies;;False;;2.txt;193; doneu lo pris e raó ben manada,;do.NEU#lo#PRIS#e#ra.Ó#ben#ma.NA.da;0;4;0;5;0;0;4;0;0;5;10;1;4+6;;7;[2, 1, 1, 1, 2, 1, 3];3;4.0;0101 001001;0405 004005;;wS.w.S.w.wS.w.wSw|
Antoni Vallmanya;Vallmanya, Antoni;1429;1490;;Barcelona;central;;;Poesies;;False;;2.txt;194; e dins breu temps sia sentenciat,;e#DINS#breu#TEMPS#si.A#sen.TEN.ci.AT;0;3;0;5;0;2;0;2;0;5;10;0;4+6;;6;[1, 1, 1, 1, 2, 4];4;2.0;0101 010101;0305 020205;;w.S.w.S.wS.wSwS|
Antoni Vallmanya;Vallmanya, Antoni;1429;1490;;Barcelona;central;;;Poesies;;False;;2.txt;195; car la tançó tan prest sentenciada,;CAR#la#tan.ÇÓ#tan#PREST#sen.TEN.ci.A.da;4;0;0;5;0;4;0;2;0;5;10;1;4+6;;6;[1, 1, 2, 1, 1, 5];3;3.0;1001 010101;4005 040205;;S.w.wS.w.S.wSwSw|
Antoni Vallmanya;Vallmanya, Antoni;1429;1490;;Barcelona;central;;;Poesies;;False;;2.txt;196; serà, us offir, ab voler molt content,;se.RÀ‿US#of.FIR#ab#vo.LER#molt#con.TENT;0;3;0;5;0;0;4;0;0;5;10;0;4+6;;7;[2, 1, 2, 1, 2, 1, 2];2;4.0;0101 001001;0305 004005;;wS.wS.w.wS.w.wS|
Antoni Vallmanya;Vallmanya, Antoni;1429;1490;;Barcelona;central;;;Poesies;;False;;2.txt;197; sentença tal sens tot si purament.;sen.TEN.ça#TAL#sens#TOT#si#PU.ra.MENT;0;4;0;5;0;2;0;2;0;5;10;0;4+6;;6;[3, 1, 1, 1, 1, 3];2;4.0;0101 010101;0405 020205;;wSw.S.w.S.w.SwS|
Antoni Vallmanya;Vallmanya, Antoni;1429;1490;;Barcelona;central;;;Poesies;;False;;2.txt;198; en vostra cort, yo qui no só stilada,;en#VOS.tra#CORT#yo#QUI#no#SÓ‿ES.ti.LA.da;0;3;0;5;0;2;1;3;0;5;10;1;4+6;;8;[1, 2, 1, 1, 1, 1, 1, 4];3;4.0;0101 010101;0305 021305;;w.Sw.S.w.S.w.SwSw|
Antoni Vallmanya;Vallmanya, Antoni;1429;1490;;Barcelona;central;;;Poesies;;False;;2.txt;199; mes a d'un any fonch mon cors molt instat;MES#a#d'un#ANY#fonch#mon#CORS#molt#ins.TAT;2;0;0;5;0;0;4;0;0;5;10;0;4+6;;9;[1, 1, 1, 1, 1, 1, 1, 1, 2];4;5.0;1001 001001;2005 004005;;S.w.w.S.w.w.S.w.wS|
Antoni Vallmanya;Vallmanya, Antoni;1429;1490;;Barcelona;central;;;Poesies;;False;;2.txt;200; prengués marit, per mos amichs instada:;pren.GUÉS#ma.RIT#per#MOS#a.MICHS#ins.TA.da;0;4;0;5;0;2;0;4;0;5;10;1;4+6;;6;[2, 2, 1, 1, 2, 3];2;4.0;0101 010101;0405 020405;;wS.wS.w.S.wS.wSw|
Antoni Vallmanya;Vallmanya, Antoni;1429;1490;;Barcelona;central;;;Poesies;;False;;2.txt;201; home vell, rich e de grau ben honrat,;HO.me#vell#RICH#e#de#GRAU#ben#hon.RAT;4;0;1;5;0;0;4;0;0;5;10;0;4+6;;8;[2, 1, 1, 1, 1, 1, 1, 2];3;5.0;1001 001001;4015 004005;;Sw.w.S.w.w.S.w.wS|
Antoni Vallmanya;Vallmanya, Antoni;1429;1490;;Barcelona;central;;;Poesies;;False;;2.txt;202;" o jove bell ab pobresa honrada;";o#JO.ve#BELL#ab#po.BRE.sa#hon.RA.da;0;4;0;5;0;0;4;0;0;5;10;1;4+6;;6;[1, 2, 1, 1, 3, 3];3;3.0;0101 001001;0405 004005;;w.Sw.S.w.wSw.wSw|
Antoni Vallmanya;Vallmanya, Antoni;1429;1490;;Barcelona;central;;;Poesies;;False;;2.txt;203; prenent acort, per mi fou demanat;pre.NENT#a.CORT#per#mi#FOU#de.ma.NAT;0;4;0;5;0;0;3;0;0;5;10;0;4+6;;6;[2, 2, 1, 1, 1, 3];2;4.0;0101 001001;0405 003005;;wS.wS.w.w.S.wwS|
Antoni Vallmanya;Vallmanya, Antoni;1429;1490;;Barcelona;central;;;Poesies;;False;;2.txt;204; a·N Foguassot, essent pus demanada,;A'N#fo.guas.SOT#es.sent#PUS#de.ma.NA.da;3;0;0;5;0;1;4;0;0;5;10;1;4+6;;5;[1, 3, 2, 1, 4];2;3.0;1001 001001;3005 014005;;S.wwS.ww.S.wwSw|
Antoni Vallmanya;Vallmanya, Antoni;1429;1490;;Barcelona;central;;;Poesies;;False;;2.txt;205; ffora millor d'aquests, a son parer,;FO.ra#mi.LLOR#d'a.QUESTS#a#SON#pa.RER;3;0;0;5;0;3;0;2;0;5;10;0;4+6;;6;[2, 2, 2, 1, 1, 2];2;4.0;1001 010101;3005 030205;;Sw.wS.wS.w.S.wS|
Antoni Vallmanya;Vallmanya, Antoni;1429;1490;;Barcelona;central;;;Poesies;;False;;2.txt;206; vivint mon cors mils ab ell a mon pler.;vi.VINT#mon#CORS#MILS#ab#ELL#a#mon#PLER;0;4;0;5;4;0;4;0;0;5;10;0;4+6;;9;[2, 1, 1, 1, 1, 1, 1, 1, 1];3;6.0;0101 101001;0405 404005;;wS.w.S.S.w.S.w.w.S|
Antoni Vallmanya;Vallmanya, Antoni;1429;1490;;Barcelona;central;;;Poesies;;False;;2.txt;207; Responent-m' ell al quesit preposat,;RES.po.nentm#ELL#al#que.SIT#pre.po.SAT;2;0;1;5;0;0;4;0;0;5;10;0;4+6;;5;[3, 1, 1, 2, 3];2;3.0;1001 001001;2015 004005;;Sww.S.w.wS.wwS|
Antoni Vallmanya;Vallmanya, Antoni;1429;1490;;Barcelona;central;;;Poesies;;False;;2.txt;208; ffundant raó per sa part prepossada,;fun.DANT#ra.Ó#per#sa#PART#pre.pos.SA.da;0;4;0;5;0;0;4;0;0;5;10;1;4+6;;6;[2, 2, 1, 1, 1, 4];2;4.0;0101 001001;0405 004005;;wS.wS.w.w.S.wwSw|
Antoni Vallmanya;Vallmanya, Antoni;1429;1490;;Barcelona;central;;;Poesies;;False;;2.txt;209;" entre nos dos havem prou altercat;";EN.tre#nos#DOS#ha.VEM#prou#AL.ter.CAT;3;0;1;5;0;3;0;2;0;5;10;0;4+6;;6;[2, 1, 1, 2, 1, 3];3;3.0;1001 010101;3015 030205;;Sw.w.S.wS.w.SwS|
Antoni Vallmanya;Vallmanya, Antoni;1429;1490;;Barcelona;central;;;Poesies;;False;;2.txt;210; fforen alets, ab forma no 'ltarcada,;FO.ren#a.LETS#ab#FOR.ma#NO'#ltar.CA.da;3;0;0;5;0;4;0;3;0;5;10;1;4+6;;6;[2, 2, 1, 2, 1, 3];2;4.0;1001 010101;3005 040305;;Sw.wS.w.Sw.S.wSw|
Antoni Vallmanya;Vallmanya, Antoni;1429;1490;;Barcelona;central;;;Poesies;;False;;2.txt;211; al modern cas, ab pacte declarat,;AL#mo.dern#CAS#ab#PAC.te#DE.cla.RAT;2;0;1;5;0;4;0;2;0;5;10;0;4+6;;6;[1, 2, 1, 1, 2, 3];3;3.0;1001 010101;2015 040205;;S.ww.S.w.Sw.SwS|
Antoni Vallmanya;Vallmanya, Antoni;1429;1490;;Barcelona;central;;;Poesies;;False;;2.txt;212; jutjes soscrits perquè fos declarada;JUT.jes#sos.CRITS#per.QUÈ#fos#DE.cla.RA.da;4;0;0;5;0;4;0;2;0;5;10;1;4+6;;5;[2, 2, 2, 1, 4];2;3.0;1001 010101;4005 040205;;Sw.wS.wS.w.SwSw|
Antoni Vallmanya;Vallmanya, Antoni;1429;1490;;Barcelona;central;;;Poesies;;False;;2.txt;213;" nostra tençó; e fonch per mi posat";NOS.tra#ten.ÇÓ#e#FONCH#per#MI#po.SAT;3;0;0;5;0;4;0;2;0;5;10;0;4+6;;7;[2, 2, 1, 1, 1, 1, 2];2;5.0;1001 010101;3005 040205;;Sw.wS.w.S.w.S.wS|
Antoni Vallmanya;Vallmanya, Antoni;1429;1490;;Barcelona;central;;;Poesies;;False;;2.txt;214; Johan Boschà, e, per ma part, posada;jo.HAN#bosc.HÀ#e#PER#ma#PART#po.SA.da;0;4;0;5;0;2;0;4;0;5;10;1;4+6;;7;[2, 2, 1, 1, 1, 1, 3];2;5.0;0101 010101;0405 020405;;wS.wS.w.S.w.S.wSw|
Antoni Vallmanya;Vallmanya, Antoni;1429;1490;;Barcelona;central;;;Poesies;;False;;2.txt;215; mes per adjunt ell donà per sa part;mes#PER#ad.JUNT#ell#do.NÀ#per#sa#PART;0;2;0;5;0;0;4;0;0;5;10;0;4+6;;8;[1, 1, 2, 1, 2, 1, 1, 1];3;5.0;0101 001001;0205 004005;;w.S.wS.w.wS.w.w.S|
Antoni Vallmanya;Vallmanya, Antoni;1429;1490;;Barcelona;central;;;Poesies;;False;;2.txt;216; Ffrancí Bussot, qui d'amor sab tot l'art.;fran.CÍ#bus.SOT#qui#d'a.mor#SAB#tot#L'ART;0;4;0;5;0;0;1;4;0;5;10;0;4+6;;7;[2, 2, 1, 2, 1, 1, 1];2;5.0;0101 000101;0405 001405;;wS.wS.w.ww.S.w.S|
Antoni Vallmanya;Vallmanya, Antoni;1429;1490;;Barcelona;central;;;Poesies;;False;;2.txt;217; Ffonch per ells dos lo dit juí acceptat;FONCH#per#ells#DOS#lo#DIT#ju.Í‿AC#cep.TAT;4;0;0;5;0;4;0;4;0;5;10;0;4+6;;8;[1, 1, 1, 1, 1, 1, 2, 2];4;4.0;1001 010101;4005 040405;;S.w.w.S.w.S.wS.wS|
Antoni Vallmanya;Vallmanya, Antoni;1429;1490;;Barcelona;central;;;Poesies;;False;;2.txt;218; liberalment, ab maner' acceptada,;li.BE.ral.MENT#ab#ma.NER#ac.cep.TA.da;0;2;0;5;0;0;4;0;0;5;10;1;4+6;;4;[4, 1, 2, 4];1;3.0;0101 001001;0205 004005;;wSwS.w.wS.wwSw|
Antoni Vallmanya;Vallmanya, Antoni;1429;1490;;Barcelona;central;;;Poesies;;False;;2.txt;219; e voltes mil fonch per mi congoxat;e#VOL.tes#MIL#fonch#per#MI#con.go.XAT;0;4;0;5;0;0;2;0;0;5;10;0;4+6;;7;[1, 2, 1, 1, 1, 1, 3];3;4.0;0101 001001;0405 002005;;w.Sw.S.w.w.S.wwS|
Antoni Vallmanya;Vallmanya, Antoni;1429;1490;;Barcelona;central;;;Poesies;;False;;2.txt;220; lo dit Boschà, com fos jo congoxada,;lo#DIT#bosc.HÀ#com#FOS#jo#CON.go.XA.da;0;4;0;5;0;3;0;2;0;5;10;1;4+6;;7;[1, 1, 2, 1, 1, 1, 4];3;4.0;0101 010101;0405 030205;;w.S.wS.w.S.w.SwSw|
Antoni Vallmanya;Vallmanya, Antoni;1429;1490;;Barcelona;central;;;Poesies;;False;;2.txt;221; sentenciar volgués, e may curat;sen.TEN.ci.AR#vol.GUÉS#e#MAY#cu.RAT;0;2;0;5;0;4;0;4;0;5;10;0;4+6;;5;[4, 2, 1, 1, 2];1;4.0;0101 010101;0205 040405;;wSwS.wS.w.S.wS|
Antoni Vallmanya;Vallmanya, Antoni;1429;1490;;Barcelona;central;;;Poesies;;False;;2.txt;222;" d'alre menys s'és, mes jo me'n so curada;";D'AL.re#menys#S'ÉS#mes#JO#me'n#SO#cu.RA.da;4;0;0;5;0;2;0;4;0;5;10;1;4+6;;8;[2, 1, 1, 1, 1, 1, 1, 3];3;5.0;1001 010101;4005 020405;;Sw.w.S.w.S.w.S.wSw|
Antoni Vallmanya;Vallmanya, Antoni;1429;1490;;Barcelona;central;;;Poesies;;False;;2.txt;223; Per què, senyor, ab cor humil prostat,;per#QUÈ#se.NYOR#ab#COR#hu.MIL#pros.TAT;0;3;0;5;0;4;0;4;0;5;10;0;4+6;;7;[1, 1, 2, 1, 1, 2, 2];3;4.0;0101 010101;0305 040405;;w.S.wS.w.S.wS.wS|
Antoni Vallmanya;Vallmanya, Antoni;1429;1490;;Barcelona;central;;;Poesies;;False;;2.txt;224; supplich-vos molt, ab manera prostada,;sup.PLICH#vos#MOLT#ab#ma.NE.ra#pros.TA.da;0;4;0;5;0;0;4;0;0;5;10;1;4+6;;6;[2, 1, 1, 1, 3, 3];3;3.0;0101 001001;0405 004005;;wS.w.S.w.wSw.wSw|
Antoni Vallmanya;Vallmanya, Antoni;1429;1490;;Barcelona;central;;;Poesies;;False;;2.txt;225; nostra tençó, jutjes vos hi mudeu,;NOS.tra#ten.ÇÓ#JUT.jes#vos#HI#mu.DEU;3;0;0;5;4;0;0;2;0;5;10;0;4+6;;6;[2, 2, 2, 1, 1, 2];2;4.0;1001 100101;3005 400205;;Sw.wS.Sw.w.S.wS|
Antoni Vallmanya;Vallmanya, Antoni;1429;1490;;Barcelona;central;;;Poesies;;False;;2.txt;226; e·b pena fort declarar-li maneu.;e'#PE.na#FORT#de.cla.RAR#li#ma.NEU;0;4;0;5;0;0;4;0;0;5;10;0;4+6;;6;[1, 2, 1, 3, 1, 2];4;2.0;0101 001001;0405 004005;;w.Sw.S.wwS.w.wS|
Antoni Vallmanya;Vallmanya, Antoni;1429;1490;;Barcelona;central;;;Poesies;;False;;2.txt;227; Lo senyor rey mana sia mudat;LO#se.nyor#REY#MA.na#SI.a#mu.DAT;2;0;1;5;4;0;3;0;0;5;10;0;4+6;;6;[1, 2, 1, 2, 2, 2];3;3.0;1001 101001;2015 403005;;S.ww.S.Sw.Sw.wS|
Antoni Vallmanya;Vallmanya, Antoni;1429;1490;;Barcelona;central;;;Poesies;;False;;2.txt;228; jutg' e·l dit fet, substança no mudada,;jutg#E'L#dit#FET#subs.TAN.ça#NO#mu.DA.da;0;4;0;5;0;4;0;3;0;5;10;1;4+6;;7;[1, 1, 1, 1, 3, 1, 3];4;3.0;0101 010101;0405 040305;;w.S.w.S.wSw.S.wSw|
Antoni Vallmanya;Vallmanya, Antoni;1429;1490;;Barcelona;central;;;Poesies;;False;;2.txt;229; per dues parts volent sie 'mposat,;per#DU.es#PARTS#vo.lent#SI.e'#mpo.SAT;0;3;0;5;0;1;4;0;0;5;10;0;4+6;;6;[1, 2, 1, 2, 2, 2];3;3.0;0101 001001;0305 014005;;w.Sw.S.ww.Sw.wS|
Antoni Vallmanya;Vallmanya, Antoni;1429;1490;;Barcelona;central;;;Poesies;;False;;2.txt;230; de mil florins per pena imposada,;de#MIL#flo.RINS#per#PE.na#IM.po.SA.da;0;3;0;5;0;4;0;2;0;5;10;1;4+6;;6;[1, 1, 2, 1, 2, 4];3;3.0;0101 010101;0305 040205;;w.S.wS.w.Sw.SwSw|
Antoni Vallmanya;Vallmanya, Antoni;1429;1490;;Barcelona;central;;;Poesies;;False;;2.txt;231; molt prest declar qual dels pertits pendrà:;molt#PREST#de.CLAR#qual#DELS#per.TITS#pen.DRÀ;0;4;0;5;0;2;0;4;0;5;10;0;4+6;;7;[1, 1, 2, 1, 1, 2, 2];3;4.0;0101 010101;0405 020405;;w.S.wS.w.S.wS.wS|
Antoni Vallmanya;Vallmanya, Antoni;1429;1490;;Barcelona;central;;;Poesies;;False;;2.txt;232; Lo rey molt just, per tal sia spetxat;lo#REY#molt#JUST#per#tal#SI.a‿es#pet.XAT;0;4;0;5;0;1;4;0;0;5;10;0;4+6;;8;[1, 1, 1, 1, 1, 1, 2, 2];4;4.0;0101 001001;0405 014005;;w.S.w.S.w.w.Sw.wS|
Antoni Vallmanya;Vallmanya, Antoni;1429;1490;;Barcelona;central;;;Poesies;;False;;2.txt;233; nostre gran fet per santensa spetxada,;NOS.tre#gran#FET#per#san.TEN.sa‿es#pet.XA.da;3;0;1;5;0;0;4;0;0;5;10;1;4+6;;6;[2, 1, 1, 1, 3, 3];3;3.0;1001 001001;3015 004005;;Sw.w.S.w.wSw.wSw|
Antoni Vallmanya;Vallmanya, Antoni;1429;1490;;Barcelona;central;;;Poesies;;False;;2.txt;234; doctor valent jutge·ns hi a signat,;doc.TOR#va.LENT#JUT.ge'ns#HI#a#sig.NAT;0;4;0;5;4;0;2;0;0;5;10;0;4+6;;6;[2, 2, 2, 1, 1, 2];2;4.0;0101 101001;0405 402005;;wS.wS.Sw.S.w.wS|
Antoni Vallmanya;Vallmanya, Antoni;1429;1490;;Barcelona;central;;;Poesies;;False;;2.txt;235;" ab pena ffort la cause·ns a signada;";ab#PE.na#FFORT#la#CAU.se'ns#A#sig.NA.da;0;4;0;5;0;4;0;2;0;5;10;1;4+6;;7;[1, 2, 1, 1, 2, 1, 3];3;4.0;0101 010101;0405 040205;;w.Sw.S.w.Sw.S.wSw|
Antoni Vallmanya;Vallmanya, Antoni;1429;1490;;Barcelona;central;;;Poesies;;False;;2.txt;236; sia per vós, per vostra cortesia,;SI.a#per#VÓS#per#VOS.tra#COR.te.SI.a;4;0;0;5;0;3;0;2;0;5;10;1;4+6;;6;[2, 1, 1, 1, 2, 4];3;3.0;1001 010101;4005 030205;;Sw.w.S.w.Sw.SwSw|
Antoni Vallmanya;Vallmanya, Antoni;1429;1490;;Barcelona;central;;;Poesies;;False;;22.txt;1;          Vostres viltats me foren maniffestes;VOS.tres#vil.TATS#me#FO.ren#MA.nif.FES.tes;3;0;0;5;0;3;0;2;0;5;10;1;4+6;;5;[2, 2, 1, 2, 4];2;3.0;1001 010101;3005 030205;;Sw.wS.w.Sw.SwSw|
Antoni Vallmanya;Vallmanya, Antoni;1429;1490;;Barcelona;central;;;Poesies;;False;;22.txt;2;          abans que yo de vós agués lo salt,;a.BANS#que#YO#de#VÓS#a.GUÉS#lo#SALT;0;4;0;5;0;4;0;4;0;5;10;0;4+6;;8;[2, 1, 1, 1, 1, 2, 1, 1];3;5.0;0101 010101;0405 040405;;wS.w.S.w.S.wS.w.S|
Antoni Vallmanya;Vallmanya, Antoni;1429;1490;;Barcelona;central;;;Poesies;;False;;22.txt;3;          que·l vostre cor molt grantment era calt;que'l#VOS.tre#COR#molt#grant.MENT#e.ra#CALT;0;3;0;5;0;0;4;0;0;5;10;0;4+6;;7;[1, 2, 1, 1, 2, 2, 1];3;4.0;0101 001001;0305 004005;;w.Sw.S.w.wS.ww.S|
Antoni Vallmanya;Vallmanya, Antoni;1429;1490;;Barcelona;central;;;Poesies;;False;;22.txt;4;          en amar un qui duu grans sobrevestes.;EN#a.mar#UN#qui#dú#GRANS#so.bre.VES.tes;2;0;1;5;0;1;4;0;0;5;10;1;4+6;;7;[1, 2, 1, 1, 1, 1, 4];3;4.0;1001 001001;2015 014005;;S.ww.S.w.w.S.wwSw|
Antoni Vallmanya;Vallmanya, Antoni;1429;1490;;Barcelona;central;;;Poesies;;False;;22.txt;5;          Mes pus de vós he ’gut lo que volia;mes#PUS#de#VÓS#he'#GUT#lo#QUE#vo.LI.a;0;4;0;5;0;4;0;2;0;5;10;1;4+6;;9;[1, 1, 1, 1, 1, 1, 1, 1, 3];4;5.0;0101 010101;0405 040205;;w.S.w.S.w.S.w.S.wSw|
Antoni Vallmanya;Vallmanya, Antoni;1429;1490;;Barcelona;central;;;Poesies;;False;;22.txt;6;          e·m so pescut de vostra carnagaça,;e'm#SO#pes.CUT#de#VOS.tra#CAR.na.GA.ça;1;4;0;5;0;3;0;2;0;5;10;1;4+6;;6;[1, 1, 2, 1, 2, 4];3;3.0;0101 010101;1405 030205;;w.S.wS.w.Sw.SwSw|
Antoni Vallmanya;Vallmanya, Antoni;1429;1490;;Barcelona;central;;;Poesies;;False;;22.txt;7;          d’ací anant anau per a bagaça,;d'a.CÍ#a.NANT#a.NAU#per#A#ba.GA.ça;0;4;0;5;0;4;0;2;0;5;10;1;4+6;;6;[2, 2, 2, 1, 1, 3];2;4.0;0101 010101;0405 040205;;wS.wS.wS.w.S.wSw|
Antoni Vallmanya;Vallmanya, Antoni;1429;1490;;Barcelona;central;;;Poesies;;False;;22.txt;8;          car no us vull pus veure us un petit dia.;CAR#no‿us#vull#PUS#veu.re‿us#UN#pe.tit#DI.a;4;0;1;5;0;0;3;0;1;5;10;1;4+6;;10;[1, 1, 1, 1, 1, 2, 1, 1, 2, 2];4;4.0;1001 001001;4015 003015;;S.w.w.S.ww.S.ww.Sw|
Antoni Vallmanya;Vallmanya, Antoni;1429;1490;;Barcelona;central;;;Poesies;;False;;8.txt;1;Mort me donau, senyora, vida mia,;MORT#me#do.NAU#se.NYO.ra#VI.da#MI.a;4;1;0;5;0;4;0;4;0;5;10;1;4+6;;6;[1, 1, 2, 3, 2, 2];3;3.0;1001 010101;4105 040405;;S.w.wS.wSw.Sw.Sw|
Antoni Vallmanya;Vallmanya, Antoni;1429;1490;;Barcelona;central;;;Poesies;;False;;8.txt;2;          per esperar de vós assignat loch;per#ES.pe.RAR#de#VÓS#as.SIG.nat#LOC;0;2;0;5;0;4;0;2;1;5;10;0;4+6;;6;[1, 3, 1, 1, 3, 1];2;4.0;0101 010101;0205 040215;;w.SwS.w.S.wSw.S|
Antoni Vallmanya;Vallmanya, Antoni;1429;1490;;Barcelona;central;;;Poesies;;False;;8.txt;3;          on jo us pogués perlar de mi fort poch,;ON#jo‿us#po.GUÉS#per.LAR#de#MI#fort#POC;3;1;0;5;0;4;0;2;1;5;10;0;4+6;;9;[1, 1, 1, 2, 2, 1, 1, 1, 1];3;5.0;1001 010101;3105 040215;;S.w.wS.wS.w.S.w.S|
Antoni Vallmanya;Vallmanya, Antoni;1429;1490;;Barcelona;central;;;Poesies;;False;;8.txt;4;          dels enuyts greus que ’mor per vós me cria.;DELS#e.nuyts#GREUS#que'#MOR#per#VÓS#me#CRI.a;2;0;1;5;0;4;0;4;0;5;10;1;4+6;;9;[1, 2, 1, 1, 1, 1, 1, 1, 2];3;6.0;1001 010101;2015 040405;;S.ww.S.w.S.w.S.w.Sw|
Antoni Vallmanya;Vallmanya, Antoni;1429;1490;;Barcelona;central;;;Poesies;;False;;8.txt;5;          Reyna de mi, sab Deu que’b desigança;REY.na#de#MI#SAB#deu#QUE'#de.si.GAN.ça;4;0;0;5;4;0;4;0;0;5;10;1;4+6;;7;[2, 1, 1, 1, 1, 1, 4];3;4.0;1001 101001;4005 404005;;Sw.w.S.S.w.S.wwSw|
Antoni Vallmanya;Vallmanya, Antoni;1429;1490;;Barcelona;central;;;Poesies;;False;;8.txt;6;          n’estich granment, mas poch voler vos té;n'es.TICH#gran.MENT#mas#POCH#vo.LER#vos#TÉ;0;3;0;5;0;4;0;4;0;5;10;0;4+6;;7;[2, 2, 1, 1, 2, 1, 1];2;5.0;0101 010101;0305 040405;;wS.wS.w.S.wS.w.S|
Antoni Vallmanya;Vallmanya, Antoni;1429;1490;;Barcelona;central;;;Poesies;;False;;8.txt;7;          en mi amar, e jo vull vos mes bé.;en#MI#a.MAR#e#jo#VULL#vos#mes#BÉ;0;2;0;5;0;0;4;0;0;5;10;0;4+6;;9;[1, 1, 2, 1, 1, 1, 1, 1, 1];3;6.0;0101 001001;0205 004005;;w.S.wS.w.w.S.w.w.S|
Antoni Vallmanya;Vallmanya, Antoni;1429;1490;;Barcelona;central;;;Poesies;;False;;8.txt;8;          Guany no fas qui·n muir: tant mal me·n cança.;GUANY#no#fas#QUI'N#mu.IR#tant#MAL#me'n#CAN.ça;4;0;1;5;0;4;0;4;0;5;10;1;4+6;;9;[1, 1, 1, 1, 2, 1, 1, 1, 2];4;5.0;1001 010101;4015 040405;;S.w.w.S.wS.w.S.w.Sw|
Antoni Vallmanya;Vallmanya, Antoni;1429;1490;;Barcelona;central;;;Poesies;;False;;8.txt;9;"          Donchs, que·m dieu, de vós hauré sperança;";DONCHS#que'm#di.EU#de#VÓS#hau.RÉ‿ES#pe.RAN.ça;4;0;0;5;0;4;0;4;0;5;10;1;4+6;;7;[1, 1, 2, 1, 1, 2, 3];3;4.0;1001 010101;4005 040405;;S.w.wS.w.S.wS.wSw|
Antoni Vallmanya;Vallmanya, Antoni;1429;1490;;Barcelona;central;;;Poesies;;False;;8.txt;10;         dau-me conort ab què m’alegraré.;DAU#me#co.NORT#ab#QUÈ#m'a.LE.gra.RÉ;4;0;0;2;0;5;0;2;0;5;10;0;6+4;;6;[1, 1, 2, 1, 1, 4];5;1.0;100101 0101;400205 0205;;S.w.wS.w.S.wSwS|
Antoni Vallmanya;Vallmanya, Antoni;1429;1490;;Barcelona;central;;;Poesies;;False;;8.txt;11;"         Trist só, catiu, tant vos am que·n morré;";TRIST#só#ca.TIU#tant#vos#AM#que'n#mor.RÉ;4;1;0;5;0;0;4;0;0;5;10;0;4+6;;8;[1, 1, 2, 1, 1, 1, 1, 2];3;5.0;1001 001001;4105 004005;;S.w.wS.w.w.S.w.wS|
Antoni Vallmanya;Vallmanya, Antoni;1429;1490;;Barcelona;central;;;Poesies;;False;;8.txt;12;         no se que·m fas: digau-m’ho ’b confiança.;NO#se#que'm#FAS#di.gau#HO'#con.fi.AN.ça;3;0;0;5;0;1;4;0;0;5;10;1;4+6;;7;[1, 1, 1, 1, 2, 1, 4];4;3.0;1001 001001;3005 014005;;S.w.w.S.ww.S.wwSw|
